
# Dump of table states
# ------------------------------------------------------------

DROP TABLE IF EXISTS `states`;

CREATE TABLE `states` (
  `id` int NOT NULL AUTO_INCREMENT,
  `name` varchar(50) NOT NULL,
  `country_id` int NOT NULL,
  PRIMARY KEY (`id`)
) ENGINE=InnoDB DEFAULT CHARSET=latin1;

LOCK TABLES `states` WRITE;
/*!40000 ALTER TABLE `states` DISABLE KEYS */;

INSERT INTO `states` (`id`, `name`, `country_id`)
VALUES
	(1,'ANDHRA PRADESH',105),
	(2,'ASSAM',105),
	(3,'ARUNACHAL PRADESH',105),
	(4,'BIHAR',105),
	(5,'GUJARAT',105),
	(6,'HARYANA',105),
	(7,'HIMACHAL PRADESH',105),
	(8,'JAMMU & KASHMIR',105),
	(9,'KARNATAKA',105),
	(10,'KERALA',105),
	(11,'MADHYA PRADESH',105),
	(12,'MAHARASHTRA',105),
	(13,'MANIPUR',105),
	(14,'MEGHALAYA',105),
	(15,'MIZORAM',105),
	(16,'NAGALAND',105),
	(17,'ODISHA',105),
	(18,'PUNJAB',105),
	(19,'RAJASTHAN',105),
	(20,'SIKKIM',105),
	(21,'TAMIL NADU',105),
	(22,'TRIPURA',105),
	(23,'UTTAR PRADESH',105),
	(24,'WEST BENGAL',105),
	(25,'DELHI',105),
	(26,'GOA',105),
	(27,'PONDICHERRY',105),
	(28,'LAKSHADWEEP',105),
	(29,'DAMAN & DIU',105),
	(30,'DADRA & NAGAR HAVELI',105),
	(31,'CHANDIGARH',105),
	(32,'ANDAMAN & NICOBAR ISLANDS',105),
	(33,'UTTARAKHAND',105),
	(34,'JHARKHAND',105),
	(35,'CHATTISGARH',105),
	(36,'TELANGANA',0);

/*!40000 ALTER TABLE `states` ENABLE KEYS */;
UNLOCK TABLES;


# Dump of table districts
# ------------------------------------------------------------

DROP TABLE IF EXISTS `districts`;

CREATE TABLE `districts` (
  `id` int NOT NULL AUTO_INCREMENT,
  `district` varchar(255) NOT NULL,
  `state_id` int NOT NULL,
  PRIMARY KEY (`id`),
  UNIQUE KEY `district` (`district`,`state_id`),
  KEY `state_id` (`state_id`)
) ENGINE=InnoDB DEFAULT CHARSET=utf8mb3;

LOCK TABLES `districts` WRITE;
/*!40000 ALTER TABLE `districts` DISABLE KEYS */;

INSERT INTO `districts` (`id`, `district`, `state_id`)
VALUES
	(606,'ADILABAD',36),
	(442,'AGRA',23),
	(250,'AHMED NAGAR',12),
	(89,'AHMEDABAD',5),
	(300,'AIZAWL',15),
	(370,'AJMER',19),
	(251,'AKOLA',12),
	(190,'ALAPPUZHA',10),
	(443,'ALIGARH',23),
	(444,'ALLAHABAD',23),
	(551,'ALMORA',33),
	(371,'ALWAR',19),
	(115,'AMBALA',6),
	(445,'AMBEDKAR NAGAR',23),
	(252,'AMRAVATI',12),
	(90,'AMRELI',5),
	(349,'AMRITSAR',18),
	(91,'ANAND',5),
	(1,'ANANTHAPUR',1),
	(146,'ANANTHNAG',8),
	(319,'ANGUL',17),
	(204,'ANUPPUR',11),
	(51,'ARARIA',4),
	(406,'ARIYALUR',21),
	(52,'ARWAL',4),
	(446,'AURAIYA',23),
	(253,'AURANGABAD',12),
	(53,'AURANGABAD(BH)',4),
	(447,'AZAMGARH',23),
	(161,'BAGALKOT',9),
	(552,'BAGESHWAR',33),
	(448,'BAGPAT',23),
	(449,'BAHRAICH',23),
	(205,'BALAGHAT',11),
	(320,'BALANGIR',17),
	(321,'BALESWAR',17),
	(450,'BALLIA',23),
	(451,'BALRAMPUR',23),
	(92,'BANASKANTHA',5),
	(452,'BANDA',23),
	(147,'BANDIPUR',8),
	(162,'BANGALORE',9),
	(163,'BANGALORE RURAL',9),
	(54,'BANKA',4),
	(512,'BANKURA',24),
	(372,'BANSWARA',19),
	(453,'BARABANKI',23),
	(148,'BARAMULLA',8),
	(373,'BARAN',19),
	(513,'BARDHAMAN',24),
	(454,'BAREILLY',23),
	(322,'BARGARH',17),
	(374,'BARMER',19),
	(350,'BARNALA',18),
	(14,'BARPETA',2),
	(206,'BARWANI',11),
	(588,'BASTAR',35),
	(455,'BASTI',23),
	(351,'BATHINDA',18),
	(254,'BEED',12),
	(55,'BEGUSARAI',4),
	(164,'BELGAUM',9),
	(165,'BELLARY',9),
	(207,'BETUL',11),
	(323,'BHADRAK',17),
	(56,'BHAGALPUR',4),
	(255,'BHANDARA',12),
	(375,'BHARATPUR',19),
	(93,'BHARUCH',5),
	(94,'BHAVNAGAR',5),
	(376,'BHILWARA',19),
	(208,'BHIND',11),
	(116,'BHIWANI',6),
	(57,'BHOJPUR',4),
	(209,'BHOPAL',11),
	(166,'BIDAR',9),
	(167,'BIJAPUR',9),
	(589,'BIJAPUR',35),
	(456,'BIJNOR',23),
	(377,'BIKANER',19),
	(590,'BILASPUR',35),
	(134,'BILASPUR (HP)',7),
	(514,'BIRBHUM',24),
	(284,'BISHNUPUR',13),
	(564,'BOKARO',34),
	(15,'BONGAIGAON',2),
	(324,'BOUDH',17),
	(457,'BUDAUN',23),
	(149,'BUDGAM',8),
	(458,'BULANDSHAHR',23),
	(256,'BULDHANA',12),
	(378,'BUNDI',19),
	(58,'BUXAR',4),
	(16,'CACHAR',2),
	(531,'CENTRAL DELHI',25),
	(135,'CHAMBA',7),
	(553,'CHAMOLI',33),
	(554,'CHAMPAWAT',33),
	(301,'CHAMPHAI',15),
	(168,'CHAMRAJNAGAR',9),
	(459,'CHANDAULI',23),
	(285,'CHANDEL',13),
	(547,'CHANDIGARH',31),
	(257,'CHANDRAPUR',12),
	(37,'CHANGLANG',3),
	(565,'CHATRA',34),
	(407,'CHENNAI',21),
	(210,'CHHATARPUR',11),
	(211,'CHHINDWARA',11),
	(169,'CHICKMAGALUR',9),
	(170,'CHIKKABALLAPUR',9),
	(171,'CHITRADURGA',9),
	(460,'CHITRAKOOT',23),
	(2,'CHITTOOR',1),
	(379,'CHITTORGARH',19),
	(286,'CHURACHANDPUR',13),
	(380,'CHURU',19),
	(408,'COIMBATORE',21),
	(515,'COOCH BEHAR',24),
	(409,'CUDDALORE',21),
	(3,'CUDDAPAH',1),
	(325,'CUTTACK',17),
	(546,'DADRA & NAGAR HAVELI',30),
	(95,'DAHOD',5),
	(172,'DAKSHINA KANNADA',9),
	(544,'DAMAN',29),
	(212,'DAMOH',11),
	(591,'DANTEWADA',35),
	(59,'DARBHANGA',4),
	(516,'DARJILING',24),
	(17,'DARRANG',2),
	(213,'DATIA',11),
	(381,'DAUSA',19),
	(173,'DAVANGARE',9),
	(326,'DEBAGARH',17),
	(555,'DEHRADUN',33),
	(566,'DEOGHAR',34),
	(461,'DEORIA',23),
	(214,'DEWAS',11),
	(438,'DHALAI',22),
	(592,'DHAMTARI',35),
	(567,'DHANBAD',34),
	(215,'DHAR',11),
	(410,'DHARMAPURI',21),
	(174,'DHARWARD',9),
	(18,'DHEMAJI',2),
	(327,'DHENKANAL',17),
	(382,'DHOLPUR',19),
	(19,'DHUBRI',2),
	(258,'DHULE',12),
	(38,'DIBANG VALLEY',3),
	(20,'DIBRUGARH',2),
	(308,'DIMAPUR',16),
	(411,'DINDIGUL',21),
	(216,'DINDORI',11),
	(545,'DIU',29),
	(150,'DODA',8),
	(568,'DUMKA',34),
	(383,'DUNGARPUR',19),
	(593,'DURG',35),
	(60,'EAST CHAMPARAN',4),
	(293,'EAST GARO HILLS',14),
	(4,'EAST GODAVARI',1),
	(39,'EAST KAMENG',3),
	(294,'EAST KHASI HILLS',14),
	(517,'EAST MIDNAPORE',24),
	(217,'EAST NIMAR',11),
	(40,'EAST SIANG',3),
	(402,'EAST SIKKIM',20),
	(569,'EAST SINGHBHUM',34),
	(191,'ERNAKULAM',10),
	(412,'ERODE',21),
	(462,'ETAH',23),
	(463,'ETAWAH',23),
	(464,'FAIZABAD',23),
	(117,'FARIDABAD',6),
	(352,'FARIDKOT',18),
	(465,'FARRUKHABAD',23),
	(118,'FATEHABAD',6),
	(353,'FATEHGARH SAHIB',18),
	(466,'FATEHPUR',23),
	(354,'Fazilka',18),
	(467,'FIROZABAD',23),
	(355,'FIROZPUR',18),
	(175,'GADAG',9),
	(259,'GADCHIROLI',12),
	(328,'GAJAPATI',17),
	(96,'GANDHI NAGAR',5),
	(384,'GANGANAGAR',19),
	(329,'GANJAM',17),
	(570,'GARHWA',34),
	(468,'GAUTAM BUDDHA NAGAR',23),
	(61,'GAYA',4),
	(469,'GHAZIABAD',23),
	(470,'GHAZIPUR',23),
	(571,'GIRIDH',34),
	(21,'GOALPARA',2),
	(572,'GODDA',34),
	(22,'GOLAGHAT',2),
	(471,'GONDA',23),
	(260,'GONDIA',12),
	(62,'GOPALGANJ',4),
	(472,'GORAKHPUR',23),
	(176,'GULBARGA',9),
	(573,'GUMLA',34),
	(218,'GUNA',11),
	(5,'GUNTUR',1),
	(356,'GURDASPUR',18),
	(119,'GURGAON',6),
	(219,'GWALIOR',11),
	(23,'HAILAKANDI',2),
	(473,'HAMIRPUR',23),
	(136,'HAMIRPUR(HP)',7),
	(385,'HANUMANGARH',19),
	(220,'HARDA',11),
	(474,'HARDOI',23),
	(556,'HARIDWAR',33),
	(177,'HASSAN',9),
	(475,'HATHRAS',23),
	(178,'HAVERI',9),
	(574,'HAZARIBAG',34),
	(261,'HINGOLI',12),
	(120,'HISAR',6),
	(518,'HOOGHLY',24),
	(221,'HOSHANGABAD',11),
	(357,'HOSHIARPUR',18),
	(519,'HOWRAH',24),
	(607,'HYDERABAD',36),
	(192,'IDUKKI',10),
	(287,'IMPHAL EAST',13),
	(288,'IMPHAL WEST',13),
	(222,'INDORE',11),
	(223,'JABALPUR',11),
	(330,'JAGATSINGHAPUR',17),
	(295,'JAINTIA HILLS',14),
	(386,'JAIPUR',19),
	(387,'JAISALMER',19),
	(331,'JAJAPUR',17),
	(358,'JALANDHAR',18),
	(476,'JALAUN',23),
	(262,'JALGAON',12),
	(263,'JALNA',12),
	(388,'JALOR',19),
	(520,'JALPAIGURI',24),
	(151,'JAMMU',8),
	(97,'JAMNAGAR',5),
	(575,'JAMTARA',34),
	(63,'JAMUI',4),
	(594,'JANJGIR-CHAMPA',35),
	(595,'JASHPUR',35),
	(477,'JAUNPUR',23),
	(64,'JEHANABAD',4),
	(224,'JHABUA',11),
	(121,'JHAJJAR',6),
	(389,'JHALAWAR',19),
	(478,'JHANSI',23),
	(332,'JHARSUGUDA',17),
	(390,'JHUJHUNU',19),
	(122,'JIND',6),
	(391,'JODHPUR',19),
	(24,'JORHAT',2),
	(98,'JUNAGADH',5),
	(479,'JYOTIBA PHULE NAGAR',23),
	(608,'K.V.RANGAREDDY',36),
	(99,'KACHCHH',5),
	(65,'KAIMUR (BHABUA)',4),
	(123,'KAITHAL',6),
	(333,'KALAHANDI',17),
	(25,'KAMRUP',2),
	(413,'KANCHIPURAM',21),
	(334,'KANDHAMAL',17),
	(137,'KANGRA',7),
	(596,'KANKER',35),
	(480,'KANNAUJ',23),
	(193,'KANNUR',10),
	(481,'KANPUR DEHAT',23),
	(482,'KANPUR NAGAR',23),
	(414,'KANYAKUMARI',21),
	(359,'KAPURTHALA',18),
	(541,'KARAIKAL',27),
	(392,'KARAULI',19),
	(26,'KARBI ANGLONG',2),
	(152,'KARGIL',8),
	(609,'KARIM NAGAR',36),
	(27,'KARIMGANJ',2),
	(124,'KARNAL',6),
	(415,'KARUR',21),
	(194,'KASARGOD',10),
	(153,'KATHUA',8),
	(66,'KATIHAR',4),
	(225,'KATNI',11),
	(483,'KAUSHAMBI',23),
	(597,'KAWARDHA',35),
	(335,'KENDRAPARA',17),
	(336,'KENDUJHAR',17),
	(67,'KHAGARIA',4),
	(610,'KHAMMAM',36),
	(100,'KHEDA',5),
	(484,'KHERI',23),
	(337,'KHORDA',17),
	(576,'KHUNTI',34),
	(138,'KINNAUR',7),
	(309,'KIPHIRE',16),
	(68,'KISHANGANJ',4),
	(179,'KODAGU',9),
	(577,'KODERMA',34),
	(310,'KOHIMA',16),
	(28,'KOKRAJHAR',2),
	(180,'KOLAR',9),
	(302,'KOLASIB',15),
	(264,'KOLHAPUR',12),
	(521,'KOLKATA',24),
	(195,'KOLLAM',10),
	(181,'KOPPAL',9),
	(338,'KORAPUT',17),
	(598,'KORBA',35),
	(599,'KORIYA',35),
	(393,'KOTA',19),
	(196,'KOTTAYAM',10),
	(197,'KOZHIKODE',10),
	(6,'KRISHNA',1),
	(416,'KRISHNAGIRI',21),
	(139,'KULLU',7),
	(154,'KUPWARA',8),
	(7,'KURNOOL',1),
	(125,'KURUKSHETRA',6),
	(41,'KURUNG KUMEY',3),
	(485,'KUSHINAGAR',23),
	(140,'LAHUL & SPITI',7),
	(29,'LAKHIMPUR',2),
	(69,'LAKHISARAI',4),
	(543,'LAKSHADWEEP',28),
	(486,'LALITPUR',23),
	(578,'LATEHAR',34),
	(265,'LATUR',12),
	(303,'LAWNGTLAI',15),
	(155,'LEH',8),
	(579,'LOHARDAGA',34),
	(42,'LOHIT',3),
	(311,'LONGLENG',16),
	(43,'LOWER SUBANSIRI',3),
	(487,'LUCKNOW',23),
	(360,'LUDHIANA',18),
	(304,'LUNGLEI',15),
	(70,'MADHEPURA',4),
	(71,'MADHUBANI',4),
	(417,'MADURAI',21),
	(611,'MAHABUB NAGAR',36),
	(488,'MAHARAJGANJ',23),
	(600,'MAHASAMUND',35),
	(126,'MAHENDRAGARH',6),
	(101,'MAHESANA',5),
	(489,'MAHOBA',23),
	(490,'MAINPURI',23),
	(198,'MALAPPURAM',10),
	(522,'MALDA',24),
	(339,'MALKANGIRI',17),
	(305,'MAMMIT',15),
	(141,'MANDI',7),
	(226,'MANDLA',11),
	(227,'MANDSAUR',11),
	(182,'MANDYA',9),
	(361,'MANSA',18),
	(30,'MARIGAON',2),
	(491,'MATHURA',23),
	(492,'MAU',23),
	(340,'MAYURBHANJ',17),
	(612,'MEDAK',36),
	(493,'MEERUT',23),
	(494,'MIRZAPUR',23),
	(362,'MOGA',18),
	(312,'MOKOKCHUNG',16),
	(313,'MON',16),
	(495,'MORADABAD',23),
	(102,'MORBI',5),
	(228,'MORENA',11),
	(363,'MUKTSAR',18),
	(266,'MUMBAI',12),
	(72,'MUNGER',4),
	(523,'MURSHIDABAD',24),
	(496,'MUZAFFARNAGAR',23),
	(73,'MUZAFFARPUR',4),
	(183,'Mysuru',9),
	(341,'NABARANGAPUR',17),
	(524,'NADIA',24),
	(31,'NAGAON',2),
	(418,'NAGAPATTINAM',21),
	(394,'NAGAUR',19),
	(267,'NAGPUR',12),
	(557,'NAINITAL',33),
	(74,'NALANDA',4),
	(32,'NALBARI',2),
	(613,'NALGONDA',36),
	(419,'NAMAKKAL',21),
	(268,'NANDED',12),
	(269,'NANDURBAR',12),
	(601,'NARAYANPUR',35),
	(103,'NARMADA',5),
	(229,'NARSINGHPUR',11),
	(270,'NASHIK',12),
	(104,'NAVSARI',5),
	(75,'NAWADA',4),
	(364,'NAWANSHAHR',18),
	(342,'NAYAGARH',17),
	(230,'NEEMUCH',11),
	(8,'NELLORE',1),
	(548,'NICOBAR',32),
	(420,'NILGIRIS',21),
	(614,'NIZAMABAD',36),
	(525,'NORTH 24 PARGANAS',24),
	(549,'NORTH AND MIDDLE ANDAMAN',32),
	(33,'NORTH CACHAR HILLS',2),
	(532,'NORTH DELHI',25),
	(526,'NORTH DINAJPUR',24),
	(533,'NORTH EAST DELHI',25),
	(539,'NORTH GOA',26),
	(403,'NORTH SIKKIM',20),
	(439,'NORTH TRIPURA',22),
	(534,'NORTH WEST DELHI',25),
	(343,'NUAPADA',17),
	(271,'OSMANABAD',12),
	(580,'PAKUR',34),
	(199,'PALAKKAD',10),
	(581,'PALAMAU',34),
	(395,'PALI',19),
	(105,'PANCH MAHALS',5),
	(127,'PANCHKULA',6),
	(128,'PANIPAT',6),
	(231,'PANNA',11),
	(44,'PAPUM PARE',3),
	(272,'PARBHANI',12),
	(106,'PATAN',5),
	(200,'PATHANAMTHITTA',10),
	(365,'Pathankot',18),
	(366,'PATIALA',18),
	(76,'PATNA',4),
	(558,'PAURI GARHWAL',33),
	(421,'PERAMBALUR',21),
	(314,'PEREN',16),
	(315,'PHEK',16),
	(497,'PILIBHIT',23),
	(559,'PITHORAGARH',33),
	(542,'PONDICHERRY',27),
	(156,'POONCH',8),
	(107,'PORBANDAR',5),
	(9,'PRAKASAM',1),
	(498,'PRATAPGARH',23),
	(422,'PUDUKKOTTAI',21),
	(157,'PULWAMA',8),
	(273,'PUNE',12),
	(344,'PURI',17),
	(77,'PURNIA',4),
	(527,'Purulia',24),
	(499,'RAEBARELI',23),
	(184,'RAICHUR',9),
	(602,'RAIGARH',35),
	(274,'RAIGARH(MH)',12),
	(603,'RAIPUR',35),
	(232,'RAISEN',11),
	(158,'RAJAURI',8),
	(233,'RAJGARH',11),
	(108,'RAJKOT',5),
	(604,'RAJNANDGAON',35),
	(396,'RAJSAMAND',19),
	(185,'RAMANAGAR',9),
	(423,'RAMANATHAPURAM',21),
	(582,'RAMGARH',34),
	(500,'RAMPUR',23),
	(583,'RANCHI',34),
	(234,'RATLAM',11),
	(275,'RATNAGIRI',12),
	(345,'RAYAGADA',17),
	(235,'REWA',11),
	(129,'REWARI',6),
	(296,'RI BHOI',14),
	(130,'ROHTAK',6),
	(78,'ROHTAS',4),
	(560,'RUDRAPRAYAG',33),
	(367,'RUPNAGAR',18),
	(109,'SABARKANTHA',5),
	(236,'SAGAR',11),
	(501,'SAHARANPUR',23),
	(79,'SAHARSA',4),
	(584,'SAHIBGANJ',34),
	(306,'SAIHA',15),
	(424,'SALEM',21),
	(80,'SAMASTIPUR',4),
	(346,'SAMBALPUR',17),
	(276,'SANGLI',12),
	(368,'SANGRUR',18),
	(502,'SANT KABIR NAGAR',23),
	(503,'SANT RAVIDAS NAGAR',23),
	(81,'SARAN',4),
	(277,'SATARA',12),
	(237,'SATNA',11),
	(397,'SAWAI MADHOPUR',19),
	(238,'SEHORE',11),
	(289,'SENAPATI',13),
	(239,'SEONI',11),
	(585,'SERAIKELA-KHARSAWAN',34),
	(307,'SERCHHIP',15),
	(240,'SHAHDOL',11),
	(504,'SHAHJAHANPUR',23),
	(241,'SHAJAPUR',11),
	(82,'SHEIKHPURA',4),
	(83,'SHEOHAR',4),
	(242,'SHEOPUR',11),
	(142,'SHIMLA',7),
	(186,'SHIMOGA',9),
	(243,'SHIVPURI',11),
	(505,'SHRAWASTI',23),
	(34,'SIBSAGAR',2),
	(506,'SIDDHARTHNAGAR',23),
	(244,'SIDHI',11),
	(398,'SIKAR',19),
	(586,'SIMDEGA',34),
	(278,'SINDHUDURG',12),
	(143,'SIRMAUR',7),
	(399,'SIROHI',19),
	(131,'SIRSA',6),
	(84,'SITAMARHI',4),
	(507,'SITAPUR',23),
	(425,'SIVAGANGA',21),
	(85,'SIWAN',4),
	(144,'SOLAN',7),
	(279,'SOLAPUR',12),
	(347,'SONAPUR',17),
	(508,'SONBHADRA',23),
	(132,'SONIPAT',6),
	(35,'SONITPUR',2),
	(528,'SOUTH 24 PARGANAS',24),
	(550,'SOUTH ANDAMAN',32),
	(535,'SOUTH DELHI',25),
	(529,'SOUTH DINAJPUR',24),
	(536,'SOUTH EAST DELHI',25),
	(297,'SOUTH GARO HILLS',14),
	(540,'SOUTH GOA',26),
	(404,'SOUTH SIKKIM',20),
	(440,'SOUTH TRIPURA',22),
	(537,'SOUTH WEST DELHI',25),
	(10,'SRIKAKULAM',1),
	(159,'SRINAGAR',8),
	(509,'SULTANPUR',23),
	(348,'SUNDERGARH',17),
	(86,'SUPAUL',4),
	(110,'SURAT',5),
	(111,'SURENDRA NAGAR',5),
	(605,'SURGUJA',35),
	(290,'TAMENGLONG',13),
	(369,'TARN TARAN',18),
	(45,'TAWANG',3),
	(561,'TEHRI GARHWAL',33),
	(280,'THANE',12),
	(426,'THANJAVUR',21),
	(112,'THE DANGS',5),
	(427,'THENI',21),
	(201,'THIRUVANANTHAPURAM',10),
	(291,'THOUBAL',13),
	(202,'THRISSUR',10),
	(245,'TIKAMGARH',11),
	(36,'TINSUKIA',2),
	(46,'TIRAP',3),
	(428,'TIRUCHIRAPPALLI',21),
	(429,'TIRUNELVELI',21),
	(430,'TIRUPPUR',21),
	(431,'TIRUVALLUR',21),
	(432,'TIRUVANNAMALAI',21),
	(433,'TIRUVARUR',21),
	(400,'TONK',19),
	(316,'TUENSANG',16),
	(187,'TUMKUR',9),
	(434,'TUTICORIN',21),
	(401,'UDAIPUR',19),
	(562,'UDHAM SINGH NAGAR',33),
	(160,'UDHAMPUR',8),
	(188,'UDUPI',9),
	(246,'UJJAIN',11),
	(292,'UKHRUL',13),
	(247,'UMARIA',11),
	(145,'UNA',7),
	(510,'UNNAO',23),
	(47,'UPPER SIANG',3),
	(48,'UPPER SUBANSIRI',3),
	(189,'UTTARA KANNADA',9),
	(563,'UTTARKASHI',33),
	(113,'VADODARA',5),
	(87,'VAISHALI',4),
	(114,'VALSAD',5),
	(511,'VARANASI',23),
	(435,'VELLORE',21),
	(248,'VIDISHA',11),
	(436,'VILLUPURAM',21),
	(437,'VIRUDHUNAGAR',21),
	(11,'VISAKHAPATNAM',1),
	(12,'VIZIANAGARAM',1),
	(615,'WARANGAL',36),
	(281,'WARDHA',12),
	(282,'WASHIM',12),
	(203,'WAYANAD',10),
	(88,'WEST CHAMPARAN',4),
	(538,'WEST DELHI',25),
	(298,'WEST GARO HILLS',14),
	(13,'WEST GODAVARI',1),
	(49,'WEST KAMENG',3),
	(299,'WEST KHASI HILLS',14),
	(530,'WEST MIDNAPORE',24),
	(249,'WEST NIMAR',11),
	(50,'WEST SIANG',3),
	(405,'WEST SIKKIM',20),
	(587,'WEST SINGHBHUM',34),
	(441,'WEST TRIPURA',22),
	(317,'WOKHA',16),
	(133,'YAMUNA NAGAR',6),
	(283,'YAVATMAL',12),
	(318,'ZUNHEBOTTO',16);

/*!40000 ALTER TABLE `districts` ENABLE KEYS */;
UNLOCK TABLES;



# Dump of table tahshil
# ------------------------------------------------------------

DROP TABLE IF EXISTS `tahshil`;

CREATE TABLE `tahshil` (
  `id` int NOT NULL AUTO_INCREMENT,
  `tahshil` varchar(255) CHARACTER SET utf8 COLLATE utf8_general_ci NOT NULL DEFAULT '',
  `district_id` int NOT NULL,
  PRIMARY KEY (`id`),
  UNIQUE KEY `tahshil` (`tahshil`,`district_id`),
  KEY `district_id` (`district_id`)
) ENGINE=InnoDB DEFAULT CHARSET=utf8mb3;

LOCK TABLES `tahshil` WRITE;
/*!40000 ALTER TABLE `tahshil` DISABLE KEYS */;

INSERT INTO `tahshil` (`id`, `tahshil`, `district_id`)
VALUES
	(297,'A.Konduru',6),
	(3181,'Aali',335),
	(1587,'Abdasa',99),
	(4971,'Abhanpur',603),
	(3391,'Abohar',354),
	(2921,'Aboi',313),
	(3668,'Abu Road',399),
	(2466,'Achalpur',252),
	(5208,'Achampet',611),
	(618,'Achanta',13),
	(1738,'Adampur',120),
	(1073,'Adapur',60),
	(5209,'Addakal',611),
	(447,'Addanki',9),
	(181,'Addateegala',4),
	(1153,'Adhaura',65),
	(5001,'Adilabad',606),
	(4887,'Adityapur',587),
	(347,'Adoni',7),
	(2170,'Adoor',200),
	(3097,'Adva',328),
	(2033,'Afzalpur',176),
	(1,'Agali',1),
	(696,'Agamoni',19),
	(2390,'Agar',241),
	(3048,'Agarpada',323),
	(3748,'Agastheeswaram',414),
	(2974,'Aghunato',318),
	(1030,'Agiaon',57),
	(298,'Agiripalle',6),
	(3952,'Agra',442),
	(2538,'Aheri',259),
	(1491,'Ahmadabad City',89),
	(2598,'Ahmadpur',265),
	(3591,'Ahore',388),
	(2868,'Aibawk',300),
	(182,'Ainavilli',4),
	(3324,'Ainthapali',346),
	(2964,'Aitepyong',317),
	(2327,'Ajaigarh',231),
	(3449,'Ajmer',370),
	(3377,'Ajnala',349),
	(2586,'Ajra',264),
	(1279,'Akbarpur',75),
	(3971,'Akbarpur',445),
	(4129,'Akbarpur',481),
	(1913,'Akhnoor',151),
	(619,'Akividu',13),
	(2743,'Akkalkot',279),
	(2639,'Akkalkuwa',269),
	(3598,'Aklera',389),
	(2445,'Akola',250),
	(2459,'Akola',251),
	(1330,'Akorhi Gola',78),
	(2460,'Akot',251),
	(2640,'Akrani',269),
	(2975,'Akuluto',318),
	(5317,'Alair',613),
	(1200,'Alamnagar',70),
	(5210,'Alampur',611),
	(183,'Alamuru',4),
	(2034,'Aland',176),
	(3738,'Alandur',413),
	(3790,'Alangudi',422),
	(3842,'Alangulam',429),
	(2165,'Alathur',199),
	(1180,'Alauli',67),
	(721,'Algapur',23),
	(2691,'Alibag',274),
	(4047,'Aliganj',462),
	(1055,'Alinagar',59),
	(4530,'Alipore Sadar',528),
	(4596,'Alipur',532),
	(4407,'Alipurduar - I',520),
	(4408,'Alipurduar - II',520),
	(2292,'Alirajpur',224),
	(5272,'Alladurg',612),
	(348,'Allagadda',7),
	(3963,'Allahabad **',444),
	(3972,'Allapur **',445),
	(184,'Allavaram',4),
	(401,'Allur',8),
	(4643,'Almora',551),
	(938,'Along Circle',50),
	(2913,'Alongkima',312),
	(2345,'Alot',234),
	(349,'Alur',7),
	(2043,'Alur',177),
	(2130,'Aluva',191),
	(3458,'Alwar',371),
	(2,'Amadagur',1),
	(503,'Amadalavalasa',10),
	(2949,'Amahator',316),
	(185,'Amalapuram',4),
	(2563,'Amalner',262),
	(5211,'Amangal',611),
	(3,'Amarapuram',1),
	(240,'Amaravathi',5),
	(2367,'Amarpatan',237),
	(985,'Amarpur',54),
	(3927,'Amarpur',440),
	(2223,'Amarwara',211),
	(1100,'Amas',61),
	(1885,'Amb(T)',145),
	(3034,'Ambabhona',322),
	(2578,'Ambad',263),
	(3313,'Ambadala',345),
	(4984,'Ambagarh',604),
	(2313,'Ambah',228),
	(186,'Ambajipeta',4),
	(1714,'Ambala',115),
	(2124,'Ambalappuzha',190),
	(2754,'Ambarnath',280),
	(3843,'Ambasamudram',429),
	(3914,'Ambassa',438),
	(3860,'Ambattur',431),
	(2677,'Ambegaon',273),
	(2489,'Ambejogai',254),
	(3575,'Amber',386),
	(5053,'Amberpet',607),
	(4992,'Ambikapur',605),
	(1164,'Amdabad',66),
	(4479,'Amdanga',525),
	(5054,'Ameerpet',607),
	(3648,'Amet',396),
	(4239,'Amethi',509),
	(2550,'Amgaon',260),
	(792,'Amguri',34),
	(4628,'Amini',543),
	(1521,'Amirgadh',92),
	(2202,'Amla',207),
	(2847,'Amlarem',295),
	(3387,'Amloh (P)',353),
	(1379,'Amnour',81),
	(1533,'Amod',93),
	(1316,'Amour',77),
	(5212,'Amrabad',611),
	(4826,'Amrapara',580),
	(2467,'Amravati',252),
	(1502,'Amreli',90),
	(4062,'Amritpur **',465),
	(3378,'Amritsar -I',349),
	(3379,'Amritsar- II',349),
	(4123,'Amroha',479),
	(241,'Amruthalur',5),
	(4393,'Amta - I',519),
	(4394,'Amta - II',519),
	(541,'Anakapalle',11),
	(1513,'Anand',91),
	(3188,'Anandapur',336),
	(542,'Anandapuram',11),
	(3437,'Anandpur Sahib',367),
	(4,'Anantapur',1),
	(543,'Ananthagiri',11),
	(402,'Ananthasagaram',8),
	(1890,'Anantnag',146),
	(187,'Anaparthy',4),
	(1427,'Andar',85),
	(1213,'Andhratharhi',71),
	(3829,'Andipatti',427),
	(5273,'Andole',612),
	(4629,'Andrott',543),
	(1955,'Anekal',162),
	(820,'Anelih Circle',38),
	(4848,'Angara',583),
	(1826,'Ani(S.T)',139),
	(821,'Anini Circle',38),
	(2468,'Anjangaon Surji',252),
	(1588,'Anjar',99),
	(1514,'Anklav',91),
	(1534,'Anklesvar',93),
	(2113,'Ankola',189),
	(4945,'Antagarh',596),
	(3475,'Antah',373),
	(2985,'Anugul',319),
	(403,'Anumasamudrampeta',8),
	(5318,'Anumula',613),
	(3559,'Anupgarh',384),
	(2187,'Anuppur',204),
	(4030,'Anupshahr',458),
	(4010,'Aonla',454),
	(3890,'Arakonam',435),
	(544,'Araku Valley',11),
	(4375,'Arambag',518),
	(4972,'Arang',603),
	(3869,'Arani',432),
	(3791,'Aranthangi',422),
	(958,'Araria',51),
	(3752,'Aravakurichi',415),
	(3891,'Arcot',435),
	(2623,'Ardhapur',268),
	(448,'Ardhaveedu',9),
	(1074,'Areraj',60),
	(4623,'Ariankuppam Commune Panchayat',542),
	(1399,'Ariari',82),
	(3699,'Ariyalur',406),
	(2551,'Arjuni Morgaon',260),
	(2044,'Arkalgud',177),
	(1878,'Arki(T)',144),
	(2539,'Armori',259),
	(5376,'Armur',614),
	(2782,'Arni',283),
	(3525,'Arnod',379),
	(2262,'Aron',218),
	(1031,'Arrah',57),
	(4510,'Arsha',527),
	(2045,'Arsikere',177),
	(3906,'Aruppukkottai',437),
	(2768,'Arvi',281),
	(967,'Arwal',52),
	(1234,'Asarganj',72),
	(2263,'Ashoknagar',218),
	(2374,'Ashta',238),
	(2490,'Ashti',254),
	(2769,'Ashti',281),
	(5002,'Asifabad',606),
	(5055,'Asifnagar',607),
	(3106,'Asika',329),
	(3501,'Asind',376),
	(350,'Aspari',7),
	(3555,'Aspur',383),
	(1751,'Assandh',124),
	(1259,'Asthawan',74),
	(2976,'Asuto',318),
	(5162,'Aswapuram',610),
	(5163,'Aswaraopeta',610),
	(4000,'Atarra',452),
	(242,'Atchampet',5),
	(545,'Atchutapuram',11),
	(2207,'Ater',208),
	(3065,'Athagad',325),
	(2903,'Athibung',310),
	(1293,'Athmalgola',76),
	(2986,'Athmallik',319),
	(1962,'Athni',164),
	(130,'Atlur',3),
	(5,'Atmakur',1),
	(351,'Atmakur',7),
	(404,'Atmakur',8),
	(5213,'Atmakur',611),
	(5412,'Atmakur',615),
	(5319,'Atmakur (M)',613),
	(5320,'Atmakur (S)',613),
	(2977,'Atoizu',318),
	(2715,'Atpadi',276),
	(3958,'Atrauli',443),
	(188,'Atreyapuram',4),
	(1101,'Atri',61),
	(3476,'Atru',373),
	(3035,'Attabira',322),
	(620,'Attili',13),
	(3806,'Attur',424),
	(2558,'Aundha (Nagnath)',261),
	(1979,'Aurad',166),
	(1243,'Aurai',73),
	(3975,'Auraiya',446),
	(974,'Aurangabad',53),
	(2480,'Aurangabad',253),
	(2599,'Ausa',265),
	(4274,'Ausgram - I',513),
	(4275,'Ausgram - II',513),
	(1835,'Aut(S.T)',141),
	(3853,'Avanashi',430),
	(299,'Avanigadda',6),
	(3792,'Avudayarkoil',422),
	(3977,'Azamgarh',447),
	(1165,'Azamnagar',66),
	(131,'B.Kodur',3),
	(64,'B.Kothakota',2),
	(3380,'Baba Bakala',349),
	(2277,'Babai',221),
	(4001,'Baberu',452),
	(1503,'Babra',90),
	(1214,'Babubarhi',71),
	(2783,'Babulgaon',283),
	(5413,'Bachannapet',615),
	(996,'Bachhwara',55),
	(2216,'Bada-Malhera',210),
	(3136,'Badachana',331),
	(3107,'Badagada',329),
	(3066,'Badamba',325),
	(1949,'Badami',161),
	(3249,'Badampahar',340),
	(584,'Badangi',12),
	(748,'Badarpur',27),
	(1903,'Badgam',149),
	(4112,'Badlapur',477),
	(2422,'Badnagar',246),
	(2579,'Badnapur',263),
	(2248,'Badnawar',215),
	(2391,'Badod',241),
	(4480,'Baduria',525),
	(132,'Badvel',3),
	(3928,'Bagafa',440),
	(1473,'Bagaha',88),
	(1950,'Bagalkot',161),
	(1504,'Bagasara',90),
	(4481,'Bagda',525),
	(2000,'Bagepalli',170),
	(4646,'Bageshwar',552),
	(664,'Baghbor',14),
	(2853,'Baghmara',297),
	(4718,'Baghmara-Cum-Katras',567),
	(3984,'Baghpat',448),
	(2965,'Baghty',317),
	(4941,'Bagicha',595),
	(3470,'Bagidora',372),
	(2645,'Baglan',270),
	(2242,'Bagli',214),
	(4511,'Bagmundi',527),
	(4395,'Bagnan - I',519),
	(4396,'Bagnan - II',519),
	(4759,'Bagodar',571),
	(3592,'Bagora',388),
	(939,'Bagra Circle',50),
	(697,'Bagribari',19),
	(3953,'Bah',442),
	(1187,'Bahadurganj',68),
	(1742,'Bahadurgarh',121),
	(1056,'Bahadurpur',59),
	(5056,'Bahadurpura',607),
	(3250,'Bahalda',340),
	(4736,'Baharagora',569),
	(1057,'Baheri',59),
	(4011,'Baheri',454),
	(2300,'Bahoriband',225),
	(4624,'Bahour Commune Panchayat',542),
	(3987,'Bahraich',449),
	(3067,'Baidyeswar',325),
	(2190,'Baihar',205),
	(1801,'Baijnath(T)',137),
	(1124,'Baikunthpur',62),
	(4957,'Baikunthpur',599),
	(65,'Baireddipalle',2),
	(1410,'Bairgania',84),
	(1474,'Bairia',88),
	(3991,'Bairia',450),
	(1317,'Baisa',77),
	(1318,'Baisi',77),
	(3251,'Baisinga',340),
	(665,'Bajali',14),
	(2346,'Bajna',234),
	(1411,'Bajpatti',84),
	(997,'Bakhri',55),
	(1294,'Bakhtiarpur',76),
	(4152,'Bakshi Ka Talab**',487),
	(3429,'Balachaur',364),
	(4376,'Balagarh',518),
	(2191,'Balaghat',205),
	(5069,'Balanagar',608),
	(5214,'Balanagar',611),
	(3005,'Balangir',320),
	(2461,'Balapur',251),
	(4512,'Balarampur',527),
	(1597,'Balasinor',100),
	(405,'Balayapalle',8),
	(2416,'Baldeogarh',245),
	(1836,'Baldwara(S.T)',141),
	(928,'Balemu Circle',49),
	(3017,'Baleshwar Sadar',321),
	(3639,'Bali',395),
	(1837,'Bali Chowki(S.T)',141),
	(998,'Balia',55),
	(3208,'Balianta',337),
	(3018,'Baliapal',321),
	(4719,'Baliapur',567),
	(3137,'Balichandrapur',331),
	(3166,'Baliguda',334),
	(883,'Balijan Circle',44),
	(711,'Balijana',21),
	(585,'Balijipeta',12),
	(3129,'Balikuda',330),
	(3087,'Balimi',327),
	(3209,'Balipatna',337),
	(5377,'Balkonda',614),
	(1723,'Ballabgarh',117),
	(2520,'Ballarpur',257),
	(3992,'Ballia',450),
	(449,'Ballikurava',9),
	(4397,'Bally Jagachha',519),
	(5215,'Balmoor',611),
	(4973,'Baloda Bazar',603),
	(1166,'Balrampur',66),
	(3997,'Balrampur',451),
	(3210,'Balugaon',337),
	(4814,'BALUMATH',578),
	(4560,'Balurghat',529),
	(4421,'Bamangola',522),
	(3655,'Bamanwas',397),
	(830,'Bameng Circle',39),
	(3019,'Bampada',321),
	(352,'Banaganapalle',7),
	(3146,'Banaharapali',332),
	(3211,'Banapur',337),
	(2987,'Banarpal',319),
	(2358,'Banda',236),
	(4002,'Banda',452),
	(4888,'Bandgaon',587),
	(2429,'Bandhogarh',247),
	(353,'Bandi Atmakur',7),
	(1895,'BANDIPUR',147),
	(5057,'Bandlaguda',607),
	(1244,'Bandra',73),
	(3348,'Banei',348),
	(3502,'Banera',376),
	(1956,'Bangalore North',162),
	(1957,'Bangalore South',162),
	(1886,'Bangana(T)',145),
	(2061,'Bangarapet',180),
	(66,'Bangarupalem',2),
	(3252,'Bangiriposi',340),
	(3006,'Bangomunda',320),
	(1380,'Baniapur',81),
	(1906,'Banihal',150),
	(1827,'Banjar(T)',139),
	(1075,'Banjaria',60),
	(986,'Banka',54),
	(1076,'Bankatwa',60),
	(1102,'Banke Bazar',61),
	(2278,'Bankhedi',221),
	(3068,'Banki',325),
	(3349,'Banki',348),
	(4252,'Bankura - I',512),
	(4253,'Bankura - II',512),
	(1349,'Banma Itahri',79),
	(1319,'Banmankhi',77),
	(4879,'Bano',586),
	(3049,'Bansada',323),
	(1621,'Bansda',104),
	(3993,'Bansdih',450),
	(4088,'Bansgaon',472),
	(4225,'Bansi',506),
	(4561,'Bansihari',529),
	(3459,'Bansur',371),
	(5378,'Banswada',614),
	(3471,'Banswara',372),
	(3050,'Bant',323),
	(2988,'Bantala',319),
	(300,'Bantumilli',6),
	(2012,'Bantval',172),
	(5070,'Bantwaram',608),
	(243,'Bapatla',5),
	(301,'Bapulapadu',6),
	(3964,'Bara',444),
	(4276,'Barabani',513),
	(4513,'Barabazar',527),
	(1103,'Barachatti',61),
	(3350,'Baragaon',348),
	(987,'Barahat',54),
	(1194,'Barahiya',69),
	(2332,'Baraily',232),
	(779,'Barama',32),
	(2678,'Baramati',273),
	(1898,'Baramula',148),
	(3477,'Baran',373),
	(3069,'Barang',325),
	(3036,'Barapali',322),
	(1715,'Barara',115),
	(1167,'Barari',66),
	(4482,'Barasat - I',525),
	(4483,'Barasat - II',525),
	(1125,'Barauli',62),
	(999,'Barauni',55),
	(3985,'Baraut **',448),
	(780,'Barbhag',32),
	(1400,'Barbigha',82),
	(3189,'Barbil',336),
	(4607,'Bardez',539),
	(1671,'Bardoli',110),
	(4012,'Bareilly',454),
	(3037,'Bargarh',322),
	(2379,'Barghat',239),
	(1295,'Barh',76),
	(4863,'Barhait',584),
	(4042,'Barhaj **',461),
	(1044,'Barhampur',58),
	(1032,'Barhara',57),
	(1320,'Barhara',77),
	(1428,'Barharia',85),
	(4864,'Barharwa',584),
	(1138,'Barhat',63),
	(4788,'Barhi',574),
	(3550,'Bari',382),
	(3526,'Bari Sadri',379),
	(3190,'Baria',336),
	(1235,'Bariarpur',72),
	(3253,'Baripada Sadar',340),
	(3254,'Baripada Town',340),
	(917,'Baririjo Circle',48),
	(4254,'Barjora',512),
	(4789,'Barkagaon',574),
	(4790,'Barkatha',574),
	(781,'Barkhetri',32),
	(3083,'Barkot',326),
	(3483,'Barmer',374),
	(666,'Barnagar',14),
	(3381,'Barnala',350),
	(1802,'Baroh(T)',137),
	(667,'Barpeta',14),
	(4484,'Barrackpur - I',525),
	(4485,'Barrackpur - II',525),
	(3255,'Barsahi',340),
	(1795,'Barsar(T)',136),
	(2744,'Barshi',279),
	(2462,'Barshitakli',251),
	(1168,'Barsoi',66),
	(4531,'Baruipur',528),
	(975,'Barun',53),
	(1245,'Baruraj (Motipur)',73),
	(4815,'BARWADIH',578),
	(2437,'Barwaha',249),
	(1492,'Barwala',89),
	(2196,'Barwani',206),
	(4532,'Basanti',528),
	(1429,'Basantpur',85),
	(1446,'Basantpur',86),
	(940,'Basar Circle',50),
	(1980,'Basavakalyan',166),
	(1984,'Basavana Bagevadi',167),
	(3551,'Baseri',382),
	(5071,'Basheerabad',608),
	(1920,'Bashohli',153),
	(4880,'Basia',586),
	(4486,'Basirhat - I',525),
	(4487,'Basirhat - II',525),
	(782,'Baska',32),
	(2559,'Basmath',261),
	(4961,'Basna',600),
	(2430,'Basoda',248),
	(1215,'Basopatti',71),
	(3576,'Bassi',386),
	(3388,'Bassi Pathana',353),
	(3020,'Basta',321),
	(4016,'Basti',455),
	(3051,'Basudebpur',323),
	(3545,'Baswa',381),
	(3396,'Batala',356),
	(6,'Bathalapalle',1),
	(3382,'Bathinda',351),
	(1412,'Bathnaha',84),
	(2232,'Batiyagarh',212),
	(3059,'Baudh Sadar',324),
	(3060,'Baunsuni',324),
	(988,'Bausi',54),
	(2587,'Bavda',264),
	(1493,'Bavla',89),
	(1766,'Bawal',129),
	(1717,'Bawani Khera',116),
	(1658,'Bayad',109),
	(3491,'Bayana',375),
	(3484,'Baytoo',374),
	(5164,'Bayyaram',610),
	(5003,'Bazarhathnoor',606),
	(3450,'Beawar',370),
	(1607,'Becharaji',101),
	(3503,'Beejoliya',376),
	(1904,'Beerwah',149),
	(2333,'Begamganj',232),
	(3527,'Begun',379),
	(3212,'Begunia',337),
	(1000,'Begusarai',55),
	(4209,'Behat',501),
	(1033,'Behea',57),
	(3460,'Behror',371),
	(5106,'Bejjanki',609),
	(5004,'Bejjur',606),
	(5005,'Bela',606),
	(1104,'Belaganj',61),
	(3167,'Belaghar',334),
	(1296,'Belchhi',76),
	(4436,'Beldanga - I',523),
	(4437,'Beldanga - II',523),
	(1181,'Beldaur',67),
	(1963,'Belgaum',164),
	(989,'Belhar',54),
	(3108,'Bellaguntha',329),
	(244,'Bellamkonda',5),
	(5006,'Bellampalle',606),
	(1972,'Bellary',165),
	(3147,'Belpahar',332),
	(3007,'Belpara',320),
	(1413,'Belsand',84),
	(2013,'Beltangadi',172),
	(3994,'Belthara Road **',450),
	(7,'Beluguppa',1),
	(2046,'Belur',177),
	(4922,'Bemetra',593),
	(1260,'Ben',74),
	(4760,'Bengabad',571),
	(1216,'Benipatti',71),
	(1058,'Benipur',59),
	(2385,'Beohari',240),
	(2214,'Berasia',209),
	(4438,'Berhampore',523),
	(3021,'Berhampur',321),
	(1743,'Beri',121),
	(4923,'Berla',593),
	(4692,'Bermo',564),
	(4849,'Bero',583),
	(450,'Bestawaripeta',9),
	(3256,'Betanati',340),
	(2856,'Betasing',298),
	(354,'Bethamcherla',7),
	(1475,'Bettiah',88),
	(2203,'Betul',207),
	(1522,'Bhabhar',92),
	(1154,'Bhabua',65),
	(1589,'Bhachau',99),
	(1907,'Bhaderwah',150),
	(3528,'Bhadesar',379),
	(2564,'Bhadgaon',262),
	(4216,'Bhadohi',503),
	(3568,'Bhadra',385),
	(5165,'Bhadrachalam',610),
	(3052,'Bhadrak Rural',323),
	(2093,'Bhadravati',186),
	(2521,'Bhadravati',257),
	(4439,'Bhagawangola - I',523),
	(4440,'Bhagawangola - II',523),
	(3423,'Bhagha Purana',362),
	(1001,'Bhagwanpur',55),
	(1155,'Bhagwanpur',65),
	(1457,'Bhagwanpur',87),
	(1430,'Bhagwanpur Hat',85),
	(4348,'Bhagwanpur-I',517),
	(4349,'Bhagwanpur-II',517),
	(2438,'Bhagwanpura',249),
	(5007,'Bhainsa',606),
	(2204,'Bhainsdehi',207),
	(3222,'Bhairabsingipur',338),
	(1785,'Bhalai(S.T)',135),
	(1908,'Bhalessa (Gandoh)',150),
	(1981,'Bhalki',166),
	(929,'Bhalukpong Circle',49),
	(504,'Bhamini',10),
	(2540,'Bhamragad',259),
	(2500,'Bhandara',255),
	(2966,'Bhandari',317),
	(3053,'Bhandari Pokhari',323),
	(4745,'Bhandaria',570),
	(2239,'Bhander',213),
	(4821,'Bhandra',579),
	(4533,'Bhangar - I',528),
	(4534,'Bhangar - II',528),
	(3109,'Bhanjanagar',329),
	(4017,'Bhanpur',455),
	(2308,'Bhanpura',227),
	(4946,'Bhanupratappur',596),
	(1563,'Bhanvad',97),
	(3492,'Bharatpur',375),
	(4958,'Bharatpur',599),
	(4441,'Bharatpur - I',523),
	(4442,'Bharatpur - II',523),
	(959,'Bhargama',51),
	(4052,'Bharthana',463),
	(1535,'Bharuch',93),
	(1887,'Bharwain(S.T)',145),
	(3351,'Bhasma',348),
	(4974,'Bhatapara',603),
	(4277,'Bhatar',513),
	(2114,'Bhatkal',189),
	(2469,'Bhatkuli',252),
	(3038,'Bhatli',322),
	(4043,'Bhatpar Rani **',461),
	(245,'Bhattiprolu',5),
	(1786,'Bhattiyat(T)',135),
	(4688,'Bhatwari',563),
	(3733,'Bhavani',412),
	(1541,'Bhavnagar',94),
	(2293,'Bhavra',224),
	(4746,'Bhawanathpur',570),
	(1321,'Bhawanipur',77),
	(3039,'Bheden',322),
	(5107,'Bheemadevarpalle',609),
	(5379,'Bheemgal',614),
	(546,'Bheemunipatnam',11),
	(1573,'Bhesan',98),
	(2439,'Bhikangaon',249),
	(4644,'Bhikia Sain',551),
	(5380,'Bhiknoor',614),
	(1659,'Bhiloda',109),
	(3504,'Bhilwara',376),
	(3649,'Bhim',396),
	(621,'Bhimadole',13),
	(622,'Bhimavaram',13),
	(5008,'Bhimini',606),
	(3451,'Bhinay',370),
	(2208,'Bhind',208),
	(4222,'Bhinga',505),
	(3593,'Bhinmal',388),
	(1476,'Bhitaha',88),
	(2271,'Bhitarwar',219),
	(2755,'Bhiwandi',280),
	(1718,'Bhiwani',116),
	(2609,'Bhiwapur',267),
	(4163,'Bhogaon',490),
	(586,'Bhogapuram',12),
	(4130,'Bhognipur',481),
	(3022,'Bhograi',321),
	(2624,'Bhokar',268),
	(2580,'Bhokardan',263),
	(5321,'Bhongir',613),
	(5216,'Bhoothpur',611),
	(3611,'Bhopalgarh',391),
	(4916,'Bhopalpattanam',591),
	(2679,'Bhor',273),
	(1796,'Bhoranj(T)',136),
	(1126,'Bhorey',62),
	(753,'Bhowraguri',28),
	(3088,'Bhuban',327),
	(2588,'Bhudargad',264),
	(1590,'Bhuj',99),
	(3409,'Bhulath',359),
	(2660,'Bhum',271),
	(5414,'Bhupalpalle',615),
	(765,'Bhuragaon',30),
	(2565,'Bhusawal',262),
	(2339,'Biaora',233),
	(1359,'Bibhutpur',80),
	(5322,'Bibinagar',613),
	(189,'Biccavolu',4),
	(2304,'Bichhiya',226),
	(2224,'Bichhua',211),
	(5381,'Bichkunda',614),
	(4608,'Bicholim',539),
	(2491,'Bid',254),
	(1982,'Bidar',166),
	(3976,'Bidhuna',446),
	(1458,'Bidupur',87),
	(4245,'Bighapur **',510),
	(1261,'Bihar',74),
	(1201,'Bihariganj',70),
	(1014,'Bihpur',56),
	(758,'Bihpuria',29),
	(1297,'Bihta',76),
	(1127,'Bijaipur',62),
	(1985,'Bijapur',167),
	(4907,'Bijapur',589),
	(2217,'Bijawar',210),
	(1891,'Bijbehara',146),
	(3040,'Bijepur',322),
	(5217,'Bijinapalle',611),
	(672,'Bijni',15),
	(4019,'Bijnor',456),
	(3513,'Bikaner',377),
	(4057,'Bikapur',464),
	(1298,'Bikram',76),
	(1331,'Bikramganj',78),
	(2989,'Bikrampur',319),
	(4975,'Bilaigarh',603),
	(3612,'Bilara',391),
	(4180,'Bilari',495),
	(698,'Bilasipara',19),
	(4204,'Bilaspur',500),
	(4908,'Bilaspur',590),
	(1781,'Bilaspur Sadar(T)',134),
	(840,'Bilat Circle',40),
	(1951,'Bilgi',161),
	(4098,'Bilgram',474),
	(4909,'Bilha',590),
	(4134,'Bilhaur',482),
	(1921,'Billawar',153),
	(2625,'Biloli',268),
	(4024,'Bilsi **',457),
	(2359,'Bina',236),
	(1262,'Bind',74),
	(4065,'Bindki',466),
	(4976,'Bindranawagarh',603),
	(3341,'Binika',347),
	(3138,'Binjharpur',331),
	(4568,'Binpur-I',530),
	(4569,'Binpur-II',530),
	(3342,'Biramaharajpur',347),
	(3352,'Biramitrapur',348),
	(1059,'Biraul',59),
	(5382,'Birkoor',614),
	(4761,'Birni',571),
	(1002,'Birpur',55),
	(4190,'Bisalpur',497),
	(4025,'Bisauli',457),
	(1217,'Bisfi',71),
	(3937,'Bishalgarh',441),
	(3314,'Bishamakatak',345),
	(1914,'Bishna',151),
	(4535,'Bishnupur - I',528),
	(4536,'Bishnupur - II',528),
	(2798,'Bishnupur Sub-Division',284),
	(4832,'Bishrampur',581),
	(4791,'Bishungarh',574),
	(4779,'Bishunpur',573),
	(3257,'Bisoi',340),
	(3353,'Bisra',348),
	(4230,'Biswan',507),
	(798,'Biswanath',35),
	(1360,'Bithan',80),
	(4771,'Boarijor',572),
	(5009,'Boath',606),
	(587,'Bobbili',12),
	(1246,'Bochaha',73),
	(3296,'Boden',343),
	(1105,'Bodh Gaya',61),
	(5383,'Bodhan',614),
	(3830,'Bodinayakanur',427),
	(2566,'Bodvad',262),
	(406,'Bogole',8),
	(5108,'Boinpalle',609),
	(3223,'Boipariguda',338),
	(673,'Boitamari',15),
	(716,'Bokakhat',22),
	(1414,'Bokhara',84),
	(730,'Boko',25),
	(3213,'Bolagad',337),
	(4881,'Bolba',586),
	(841,'Boleng Circle',40),
	(246,'Bollapalle',5),
	(4305,'Bolpur Sriniketan',514),
	(930,'Bomdila Circle',49),
	(5323,'Bommalaramaram',613),
	(8,'Bommanahal',1),
	(5218,'Bomraspet',611),
	(5166,'Bonakal',610),
	(3354,'Bondamunda',348),
	(588,'Bondapalle',12),
	(674,'Bongaigaon',15),
	(4488,'Bongaon',525),
	(3656,'Bonli',397),
	(809,'Bordumsa Circle',37),
	(3224,'Boriguma',338),
	(4865,'Borio',584),
	(1515,'Borsad',91),
	(1542,'Botad',94),
	(3938,'Boxanagar',441),
	(3302,'Brahmagiri',344),
	(133,'Brahmamgarimattam',3),
	(3355,'Brahmani Tarang',348),
	(3168,'Brahmanigaon',334),
	(3110,'Brahmapur Sadar',329),
	(2522,'Brahmapuri',257),
	(9,'Brahmasamudram',1),
	(1787,'Brahmaur(T)',135),
	(3148,'Brajarajnagar',332),
	(67,'Buchinaidu Kandriga',2),
	(407,'Buchireddipalem',8),
	(4026,'Budaun',457),
	(4537,'Budge Budge - I',528),
	(4538,'Budge Budge - II',528),
	(1935,'Budhal',158),
	(4185,'Budhana',496),
	(3420,'Budhlada',361),
	(2375,'Budni',238),
	(3111,'Buguda',329),
	(3605,'Buhana',390),
	(10,'Bukkapatnam',1),
	(11,'Bukkaraya Samudram',1),
	(4031,'Bulandshahr',458),
	(2507,'Buldana',256),
	(3520,'Bundi',378),
	(4850,'Bundu',583),
	(4514,'Bundwan',527),
	(3041,'Burden',322),
	(4278,'Burdwan - I',513),
	(4279,'Burdwan - II',513),
	(5167,'Burgampahad',610),
	(2257,'Burhanpur',217),
	(3978,'Burhanpur',447),
	(505,'Burja',10),
	(3325,'Burla',346),
	(4851,'Burmu',583),
	(4443,'Burwan',523),
	(547,'Butchayyapeta',11),
	(623,'Buttayagudem',13),
	(1045,'Buxar',58),
	(2051,'Byadgi',178),
	(355,'C.Belagal',7),
	(4089,'Campierganj **',472),
	(4613,'Canacona',540),
	(4539,'Canning - I',528),
	(4540,'Canning - II',528),
	(4636,'Car Nicobar',548),
	(704,'Chabua',20),
	(2264,'Chachaura',218),
	(1838,'Chachyot(T)',141),
	(1905,'Chadura',149),
	(356,'Chagalamarri',7),
	(624,'Chagallu',13),
	(862,'Chaglagam Circle',42),
	(4889,'Chaibasa',587),
	(4137,'Chail',483),
	(1156,'Chainpur',65),
	(4780,'Chainpur',573),
	(4833,'Chainpur',581),
	(1139,'Chakai',63),
	(4053,'Chakarnagar **',463),
	(4462,'Chakdah',524),
	(4037,'Chakia',459),
	(1077,'Chakia(Pipra)',60),
	(1046,'Chakki',58),
	(2801,'Chakpikarong Sub-Division',285),
	(4890,'Chakradharpur',587),
	(4655,'Chakrata',555),
	(134,'Chakrayapet',3),
	(3577,'Chaksu',386),
	(4737,'Chakulia',569),
	(2600,'Chakur',265),
	(2567,'Chalisgaon',262),
	(2006,'Challakere',171),
	(302,'Challapalle',6),
	(1989,'Chamarajanagar',168),
	(731,'Chamaria',25),
	(1788,'Chamba(T)',135),
	(852,'Chambang Circle',41),
	(4648,'Chamoli',553),
	(2541,'Chamorshi',259),
	(4933,'Champa',594),
	(4654,'Champawat',554),
	(3191,'Champua',336),
	(990,'Chanan',54),
	(1637,'Chanasma',106),
	(4422,'Chanchal - I',522),
	(4423,'Chanchal - II',522),
	(1157,'Chand',65),
	(3054,'Chandabali',323),
	(3277,'Chandahandi',341),
	(3214,'Chandaka',337),
	(5324,'Chandam Pet',613),
	(4693,'Chandankiyari',564),
	(3303,'Chandanpur',344),
	(303,'Chandarlapadu',6),
	(4038,'Chandauli',459),
	(4181,'Chandausi',495),
	(2802,'Chandel Sub-Div.',285),
	(2265,'Chanderi',218),
	(2589,'Chandgad',264),
	(1263,'Chandi',74),
	(4635,'Chandigarh',547),
	(4872,'Chandil',585),
	(3023,'Chandipur',321),
	(4377,'Chanditala - I',518),
	(4378,'Chanditala - II',518),
	(4020,'Chandpur',456),
	(451,'Chandra Sekhara Puram',9),
	(68,'Chandragiri',2),
	(4570,'Chandrakona-I',530),
	(4571,'Chandrakona-II',530),
	(732,'Chandrapur',25),
	(2523,'Chandrapur',257),
	(5168,'Chandrugonda',610),
	(3258,'Chandua',340),
	(5325,'Chandur',613),
	(2470,'Chandur Railway',252),
	(2471,'Chandurbazar',252),
	(5109,'Chandurthi',609),
	(2646,'Chandvad',270),
	(4816,'CHANDWA',578),
	(2151,'Changanassery',196),
	(810,'Changlang Circle',37),
	(2914,'Changtongya',312),
	(4852,'Chanho',583),
	(2017,'Channagiri',173),
	(2089,'Channapatna',185),
	(2047,'Channarayapatna',177),
	(1477,'Chanpatia',88),
	(135,'Chapad',3),
	(699,'Chapar',19),
	(1381,'Chapra',81),
	(4463,'Chapra',524),
	(4947,'Charama',596),
	(3326,'Charamal',346),
	(1415,'Charaut',84),
	(2950,'Chare',316),
	(799,'Chariduar',35),
	(4160,'Charkhari',489),
	(5058,'Charminar',607),
	(1034,'Charpokhari',57),
	(4694,'Chas',564),
	(4700,'Chatra',565),
	(304,'Chatrai',6),
	(1047,'Chaugain',58),
	(1851,'Chaupal(T)',142),
	(4792,'Chauparan',574),
	(1789,'Chaurah(T)',135),
	(2225,'Chaurai',211),
	(4090,'Chauri Chaura',472),
	(1048,'Chausa',58),
	(1202,'Chausa',70),
	(3657,'Chauth Ka Barwara',397),
	(1182,'Chautham',67),
	(2179,'Chavakkad',202),
	(2879,'Chawngte',303),
	(831,'Chayangtajo Circle',39),
	(247,'Chebrolu',5),
	(548,'Cheedikada',11),
	(589,'Cheepurupalle',12),
	(5274,'Chegunta',612),
	(1459,'Chehra Kalan',87),
	(408,'Chejerla',8),
	(2922,'Chen',313),
	(1944,'Chenani',160),
	(1332,'Chenari',78),
	(3739,'Chengalpattu',413),
	(3870,'Chengam',432),
	(2125,'Chengannur',190),
	(5415,'Chennaraopet',615),
	(12,'Chennekothapalle',1),
	(136,'Chennur',3),
	(5010,'Chennur',606),
	(1003,'Cheria Bariarpur',55),
	(5416,'Cherial',615),
	(5169,'Cherla',610),
	(2126,'Cherthala',190),
	(248,'Cherukupalle H/O Arumbaka',5),
	(2951,'Chessore',316),
	(1852,'Cheta(S.T)',142),
	(2939,'Chetheba',315),
	(5072,'Chevella',608),
	(1401,'Chewara',82),
	(3871,'Cheyyar',432),
	(3740,'Cheyyur',413),
	(3478,'Chhabra',373),
	(1779,'Chhachhrauli',133),
	(3915,'Chhamanu',438),
	(4166,'Chhata',491),
	(1447,'Chhatapur',86),
	(3514,'Chhatargarh',377),
	(2218,'Chhatarpur',210),
	(4834,'Chhatarpur',581),
	(4255,'Chhatna',512),
	(3112,'Chhatrapur',329),
	(733,'Chhaygaon',25),
	(2990,'Chhendipada',319),
	(4126,'Chhibramau',480),
	(2226,'Chhindwara',211),
	(3479,'Chhipabarod',373),
	(1004,'Chhorahi',55),
	(1697,'Chhota Udaipur',113),
	(3529,'Chhoti Sadri',379),
	(4985,'Chhuikhadan',604),
	(3714,'Chidambaram',409),
	(2904,'Chiephobozou',310),
	(5110,'Chigurumamidi',609),
	(2001,'Chik Ballapur',170),
	(2472,'Chikhaldara',252),
	(1622,'Chikhli',104),
	(2508,'Chikhli',256),
	(1993,'Chikmagalur',169),
	(2100,'Chiknayakanhalli',187),
	(1964,'Chikodi',164),
	(249,'Chilakaluripet H/O.Purushotha Patnam',5),
	(13,'Chilamathur',1),
	(5326,'Chilkur',613),
	(409,'Chillakur',8),
	(452,'Chimakurthi',9),
	(2524,'Chimur',257),
	(453,'Chinaganjam',9),
	(2035,'Chincholi',176),
	(4747,'Chinia',570),
	(5219,'Chinnachintakunta',611),
	(69,'Chinnagottigallu',2),
	(5275,'Chinnakodur',612),
	(137,'Chinnamandem',3),
	(4379,'Chinsurah - Magra',518),
	(625,'Chintalapudi',13),
	(2002,'Chintamani',170),
	(549,'Chintapalle',11),
	(5327,'Chintha Palle',613),
	(5170,'Chinthakani',610),
	(138,'Chinthakommadinne',3),
	(5171,'Chintur',610),
	(2706,'Chiplun',275),
	(357,'Chippagiri',7),
	(1078,'Chiraia',60),
	(454,'Chirala',9),
	(3606,'Chirawa',390),
	(2175,'Chirayinkeezhu',201),
	(1853,'Chirgaon(T)',142),
	(2036,'Chitapur',176),
	(2007,'Chitradurga',171),
	(3241,'Chitrakonda',339),
	(2408,'Chitrangi',244),
	(410,'Chittamur',8),
	(3530,'Chittaurgarh',379),
	(70,'Chittoor',2),
	(2166,'Chittur',199),
	(139,'Chitvel',3),
	(5417,'Chityal',615),
	(5328,'Chityala',613),
	(5329,'Chivvemla',613),
	(2940,'Chizami',315),
	(550,'Chodavaram',11),
	(3485,'Chohtan',374),
	(2854,'Chokpot',297),
	(3578,'Chomu',386),
	(2568,'Chopda',262),
	(5111,'Choppadandi',609),
	(4501,'Chopra',526),
	(1672,'Chorasi',110),
	(1686,'Chotila',111),
	(3070,'Choudwar',325),
	(5330,'Choutuppal',613),
	(71,'Chowdepalle',2),
	(863,'Chowkham Circle',42),
	(2941,'Chozuba',315),
	(2915,'Chuchuyimlang',312),
	(1687,'Chuda',111),
	(2967,'Chukitong',317),
	(2893,'Chumukedima',308),
	(4176,'Chunar',494),
	(3693,'Chungthang',403),
	(2805,'Churachandpur North Sub-Div.',286),
	(2806,'Churachandpur Sub-Division',286),
	(4793,'Churchu',574),
	(2409,'Churhat',244),
	(3538,'Churu',380),
	(4595,'Civil Lines',531),
	(3707,'Coimbatore North',408),
	(3708,'Coimbatore South',408),
	(1015,'Colgong',56),
	(2991,'Colliery',319),
	(4084,'Colonelganj',471),
	(4350,'Contai-I',517),
	(4351,'Contai-II',517),
	(4352,'Contai-III',517),
	(4324,'Cooch Behar - I',515),
	(4325,'Cooch Behar - II',515),
	(3781,'Coonoor',420),
	(3715,'Cuddalore',409),
	(140,'Cuddapah',3),
	(455,'Cumbum',9),
	(3071,'Cuttack Sadar',325),
	(14,'D.Hirehal',1),
	(4934,'Dabhara',594),
	(1698,'Dabhoi',113),
	(3278,'Dabugan',341),
	(1771,'Dabwali',131),
	(250,'Dachepalle',5),
	(1868,'Dadahu(S.T)',143),
	(2857,'Dadenggiri',298),
	(4634,'Dadra & Nagar Haveli',546),
	(1719,'Dadri',116),
	(4072,'Dadri',468),
	(411,'Dagadarthi',8),
	(1322,'Dagarua',77),
	(2756,'Dahanu',280),
	(5011,'Dahegaon',606),
	(3192,'Daitari',336),
	(412,'Dakkili',8),
	(682,'Dalgaon',17),
	(1790,'Dalhousie(T)',135),
	(4197,'Dalmau',499),
	(1361,'Dalsinghsarai',80),
	(4835,'Daltonganj',581),
	(2858,'Dalu',298),
	(4632,'Daman',544),
	(3225,'Damanjodi',338),
	(5220,'Damaragidda',611),
	(2836,'Dambo Rongjeng',293),
	(822,'Dambuk Circle',38),
	(3919,'Damchhara',439),
	(5331,'Dameracherla',613),
	(853,'Damin Circle',41),
	(5172,'Dammapeta',610),
	(2233,'Damoh',212),
	(4748,'Dandai',570),
	(1005,'Dandari',55),
	(5012,'Dandepalle',606),
	(1169,'Dandkhora',66),
	(1299,'Daniawan',76),
	(1523,'Danta',92),
	(3662,'Danta Ramgarh',398),
	(4572,'Dantan-I',530),
	(4573,'Dantan-II',530),
	(4917,'Dantewada',591),
	(1524,'Dantiwada',92),
	(2707,'Dapoli',275),
	(918,'Daporijo Circle',48),
	(941,'Darak Circle',50),
	(1431,'Darauli',85),
	(1432,'Daraundha',85),
	(1060,'Darbhanga',59),
	(1382,'Dariapur',81),
	(942,'Daring Circle',50),
	(3169,'Daringbadi',334),
	(4336,'Darjeeling Pulbazar',516),
	(2869,'Darlawn',300),
	(456,'Darsi',9),
	(2784,'Darwha',283),
	(2473,'Daryapur',252),
	(1688,'Dasada',111),
	(3226,'Dasamantapur',338),
	(3287,'Dasapalla',342),
	(3920,'Dasda',439),
	(1494,'Daskroi',89),
	(4574,'Daspur-I',530),
	(4575,'Daspur-II',530),
	(3400,'Dasua',357),
	(4027,'Dataganj',457),
	(2240,'Datia',213),
	(590,'Dattirajeru',12),
	(976,'Daudnagar',53),
	(2680,'Daund',273),
	(3546,'Dausa',381),
	(2018,'Davanagere',173),
	(1333,'Dawath',78),
	(3084,'Debagarh',326),
	(4032,'Debai **',458),
	(4576,'Debra',530),
	(1617,'Dediapada',103),
	(3493,'Deeg',375),
	(1525,'Deesa',92),
	(4603,'Defence Colony',536),
	(3629,'Degana',394),
	(4489,'Deganga',525),
	(2626,'Deglur',268),
	(1559,'Dehgam',96),
	(4656,'Dehradun',555),
	(1334,'Dehri',78),
	(3304,'Delanga',344),
	(626,'Denduluru',13),
	(591,'Denkada',12),
	(3756,'Denkanikottai',416),
	(977,'Deo',53),
	(4210,'Deoband',501),
	(4977,'Deobhog',603),
	(1526,'Deodar',92),
	(3650,'Deogarh',396),
	(4710,'Deoghar',566),
	(2647,'Deola',270),
	(2509,'Deolgaon Raja',256),
	(2770,'Deoli',281),
	(3673,'Deoli',400),
	(2601,'Deoni',265),
	(2360,'Deori',236),
	(2552,'Deori',260),
	(4762,'Deori',571),
	(4044,'Deoria',461),
	(2284,'Depalpur',222),
	(3397,'Dera Baba Nanak',356),
	(3432,'Dera Bassi',366),
	(1803,'Dera Gopipur(T)',137),
	(4131,'Derapur',481),
	(717,'Dergaon',22),
	(2542,'Desaiganj (Vadasa)',259),
	(823,'Desali Circle',38),
	(1460,'Desri',87),
	(3640,'Desuri',395),
	(1495,'Detroj-Rampura',89),
	(2084,'Devadurga',184),
	(3815,'Devakottai',425),
	(1958,'Devanahalli',163),
	(358,'Devanakonda',7),
	(5332,'Devarakonda',613),
	(551,'Devarapalle',11),
	(627,'Devarapalle',13),
	(5221,'Devarkadra',611),
	(5418,'Devaruppula',615),
	(2735,'Devgad',278),
	(1552,'Devgadbaria',95),
	(2137,'Devikulam',192),
	(190,'Devipatnam',4),
	(4711,'Devipur',566),
	(4679,'Devprayag',561),
	(2243,'Dewas',214),
	(1079,'Dhaka',60),
	(759,'Dhakuakhana (Part-I)',29),
	(691,'Dhakuakhana (Part-II)',18),
	(4738,'Dhalbhumgarh',569),
	(3327,'Dhama',346),
	(3055,'Dhamanagar',323),
	(2474,'Dhamangaon Railway',252),
	(1323,'Dhamdaha',77),
	(4924,'Dhamdha',593),
	(4021,'Dhampur',456),
	(4919,'Dhamtari',592),
	(1300,'Dhanarua',76),
	(4124,'Dhanaura',479),
	(4720,'Dhanbad-Cum-Kenduadih-Cum-Jagta',567),
	(1496,'Dhandhuka',89),
	(1527,'Dhanera',92),
	(4380,'Dhaniakhali',518),
	(2543,'Dhanora',259),
	(1553,'Dhanpur',95),
	(2894,'Dhansiripar',308),
	(1660,'Dhansura',109),
	(3328,'Dhanupali',346),
	(5222,'Dhanwada',611),
	(4763,'Dhanwar',571),
	(2249,'Dhar',215),
	(3398,'Dhar Kalan',356),
	(3155,'Dharamgarh',333),
	(1709,'Dharampur',114),
	(2250,'Dharampuri',215),
	(2569,'Dharangaon',262),
	(3854,'Dharapuram',430),
	(4672,'Dharchula',559),
	(1236,'Dharhara',72),
	(1505,'Dhari',90),
	(4662,'Dhari',557),
	(3680,'Dhariawad',401),
	(2627,'Dharmabad',268),
	(3721,'Dharmapuri',410),
	(5112,'Dharmapuri',609),
	(5113,'Dharmaram',609),
	(5419,'Dharmasagar',615),
	(3139,'Dharmasala',331),
	(15,'Dharmavaram',1),
	(1839,'Dharmpur(S.T)',141),
	(1804,'Dharmsala(T)',137),
	(2475,'Dharni',252),
	(5384,'Dharpalle',614),
	(2492,'Dharur',254),
	(5073,'Dharur',608),
	(5223,'Dharur',611),
	(2023,'Dharwad',174),
	(1797,'Dhatwal(St)',136),
	(3552,'Dhaulpur',382),
	(4140,'Dhaurahara',484),
	(800,'Dhekiajuli',35),
	(692,'Dhemaji',18),
	(3089,'Dhenkanal Sadar',327),
	(2301,'Dhimar Kheda',225),
	(770,'Dhing',31),
	(1805,'Dhira(S.T)',137),
	(1247,'Dholi (Moraul)',73),
	(1497,'Dholka',89),
	(359,'Dhone',7),
	(4666,'Dhoomakot',558),
	(1648,'Dhoraji',108),
	(1689,'Dhrangadhra',111),
	(1564,'Dhrol',97),
	(700,'Dhubri',19),
	(2534,'Dhule',258),
	(4409,'Dhupguri',520),
	(991,'Dhuraiya',54),
	(3441,'Dhuri',368),
	(4749,'Dhurki',570),
	(3056,'Dhusuri',323),
	(4541,'Diamond Harbour - I',528),
	(4542,'Diamond Harbour - II',528),
	(705,'Dibrugarh East',20),
	(706,'Dibrugarh West',20),
	(5385,'Dichpalle',614),
	(4673,'Didihat',559),
	(3630,'Didwana',394),
	(3113,'Digapahandi',329),
	(1188,'Dighalbank',68),
	(1383,'Dighwara',81),
	(4638,'Diglipur',549),
	(3624,'Digod',393),
	(2785,'Digras',283),
	(5013,'Dilawarpur',606),
	(2895,'Dimapur Sadar',308),
	(793,'Dimow',34),
	(1301,'Dinapur-Cum-Khagaul',76),
	(1335,'Dinara',78),
	(3726,'Dindigul',411),
	(2255,'Dindori',216),
	(2648,'Dindori',270),
	(4326,'Dinhata - I',515),
	(4327,'Dinhata - II',515),
	(744,'Diphu',26),
	(931,'Dirang Circle',49),
	(734,'Dispur',25),
	(4633,'Diu',545),
	(811,'Diyun Circle',37),
	(1106,'Dobhi',61),
	(1959,'Dod Ballapur',163),
	(1909,'Doda',150),
	(2736,'Dodamarg',278),
	(1854,'Dodra Kwar(T)',142),
	(1554,'Dohad',95),
	(884,'Doimukh Circle',44),
	(876,'Dollungmukh Circle',43),
	(5074,'Doma',608),
	(5386,'Domakonda',614),
	(4226,'Domariyaganj',506),
	(4398,'Domjur',519),
	(4444,'Domkal',523),
	(457,'Donakonda',9),
	(4925,'Dondiluhara',593),
	(4986,'Dongargaon',604),
	(4987,'Dongargarh',604),
	(745,'Donka',26),
	(805,'Doom Dooma',36),
	(413,'Doravarisatram',8),
	(5420,'Dornakal',615),
	(458,'Dornala',9),
	(360,'Dornipadu',7),
	(754,'Dotoma',28),
	(5224,'Doulathabad',611),
	(5276,'Doultabad',612),
	(5277,'Dubbak',612),
	(4306,'Dubrajpur',514),
	(3140,'Duburi',331),
	(4236,'Dudhi',508),
	(712,'Dudhnai',21),
	(3579,'Dudu (Hq. Mauzamabad)',386),
	(892,'Dudunghar Circle',45),
	(251,'Duggirala',5),
	(5421,'Duggondi',615),
	(3939,'Dukli',441),
	(1302,'Dulhin Bazar',76),
	(1107,'Dumaria',61),
	(4739,'Dumaria',569),
	(552,'Dumbriguda',11),
	(3916,'Dumburnagar',438),
	(4726,'Dumka',568),
	(5173,'Dummugudem',610),
	(919,'Dumporijo Circle',48),
	(1416,'Dumra',84),
	(1049,'Dumraon',58),
	(4764,'Dumri',571),
	(4781,'Dumri',573),
	(1405,'Dumri Katsari',83),
	(4689,'Dunda',563),
	(3539,'Dungargarh',380),
	(3556,'Dungarpur',383),
	(3531,'Dungla',379),
	(3343,'Dunguripali',347),
	(4926,'Durg',593),
	(1158,'Durgawati',65),
	(252,'Durgi',5),
	(1892,'Duru',146),
	(414,'Duttalur',8),
	(141,'Duvvur',3),
	(628,'Dwarakatirumala',13),
	(2873,'East Lungdar (Part)',301),
	(2890,'East Lungdar (Part)',307),
	(3807,'Edappadi',424),
	(253,'Edlapadu',5),
	(3702,'Egmore - Nungambakkam',407),
	(4353,'Egra-I',517),
	(4354,'Egra-II',517),
	(1264,'Ekangarsarai',74),
	(1384,'Ekma',81),
	(5114,'Elkathurthi',609),
	(5115,'Ellanthakunta',609),
	(1772,'Ellenabad',131),
	(629,'Eluru',13),
	(4424,'English Bazar',522),
	(5174,'Enkuru',610),
	(2570,'Erandol',262),
	(4853,'Erki (Tamar II)',583),
	(2159,'Ernad',198),
	(3734,'Erode',412),
	(3130,'Ersama',330),
	(4048,'Etah',462),
	(824,'Etalin Circle',38),
	(2544,'Etapalli',259),
	(4054,'Etawah',463),
	(506,'Etcherla',10),
	(3954,'Etmadpur',442),
	(3882,'Ettayapuram',434),
	(5422,'Eturnagaram',615),
	(4058,'Faizabad',464),
	(4410,'Falakata',520),
	(1170,'Falka',66),
	(4543,'Falta',528),
	(4445,'Farakka',523),
	(1724,'Faridabad',117),
	(3385,'Faridkot',352),
	(4013,'Faridpur',454),
	(4280,'Faridpur Durgapur',513),
	(5225,'Farooqnagar',611),
	(4063,'Farrukhabad',465),
	(3288,'Fategarh',342),
	(1728,'Fatehabad',118),
	(3955,'Fatehabad',442),
	(3588,'Fatehgarh',387),
	(3389,'Fatehgarh Sahib',353),
	(1108,'Fatehpur',61),
	(3663,'Fatehpur',398),
	(4004,'Fatehpur',453),
	(4066,'Fatehpur',466),
	(1806,'Fatehpur(T)',137),
	(1555,'Fatepura',95),
	(1303,'Fatwah',76),
	(3392,'Fazilka',354),
	(1731,'Ferozepur Jhirka',119),
	(4641,'Ferrargunj',550),
	(4068,'Firozabad',467),
	(3394,'Firozepur',355),
	(960,'Forbesganj',51),
	(3703,'Fort - Tondiarpet',407),
	(305,'G.Konduru',6),
	(553,'G.Madugula',11),
	(3170,'G.Udayagiri',334),
	(3959,'Gabhana **',443),
	(2028,'Gadag',175),
	(2319,'Gadarwara',229),
	(2545,'Gadchiroli',259),
	(1543,'Gadhada',94),
	(2590,'Gadhinglaj',264),
	(361,'Gadivemula',7),
	(5226,'Gadwal',611),
	(1248,'Gaighat',73),
	(4490,'Gaighata',525),
	(4649,'Gair Sain **',553),
	(2334,'Gairatganj',232),
	(3042,'Gaisilet',322),
	(592,'Gajapathinagaram',12),
	(554,'Gajuwaka',11),
	(5278,'Gajwel',612),
	(142,'Galiveedu',3),
	(4281,'Galsi - I',513),
	(4282,'Galsi - II',513),
	(5116,'Gambhiraopet',609),
	(1203,'Gamharia',70),
	(4873,'Gamharia',585),
	(306,'Gampalagudem',6),
	(630,'Ganapavaram',13),
	(1775,'Ganaur',132),
	(3793,'Gandarvakkottai',422),
	(4765,'Gande',571),
	(5075,'Gandeed',608),
	(191,'Gandepalle',4),
	(1941,'Ganderbal',159),
	(1623,'Gandevi',104),
	(5387,'Gandhari',614),
	(1591,'Gandhidham',99),
	(1560,'Gandhinagar',96),
	(2251,'Gandhwani',215),
	(3090,'Gandia',327),
	(16,'Gandlapenta',1),
	(5117,'Gangadhara',609),
	(72,'Gangadhara Nellore',2),
	(4256,'Gangajalghati',512),
	(2668,'Gangakhed',272),
	(3560,'Ganganagar',384),
	(2481,'Gangapur',253),
	(3114,'Gangapur',329),
	(3658,'Gangapur',397),
	(4562,'Gangarampur',529),
	(3808,'Gangavalli',424),
	(73,'Gangavaram',2),
	(192,'Gangavaram',4),
	(2066,'Gangawati',181),
	(3599,'Gangdhar',389),
	(4674,'Gangolihat',559),
	(3532,'Gangrar',379),
	(3690,'Gangtok',402),
	(507,'Ganguvarisigadam',10),
	(3289,'Gania',342),
	(307,'Gannavaram',6),
	(593,'Gantyada',12),
	(508,'Gara',10),
	(3098,'Garabandha',328),
	(4118,'Garautha',478),
	(1556,'Garbada',95),
	(2361,'Garhakota',236),
	(1035,'Garhani',57),
	(4577,'Garhbeta-I',530),
	(4578,'Garhbeta-II',530),
	(4579,'Garhbeta-III',530),
	(3472,'Garhi',372),
	(4075,'Garhmukteshwar',469),
	(1006,'Garhpura',55),
	(3401,'Garhshankar',357),
	(4750,'Garhwa',570),
	(1544,'Gariadhar',94),
	(5333,'Garide Palle',613),
	(594,'Garividi',12),
	(1385,'Garkha',81),
	(5175,'Garla',610),
	(17,'Garladinne',1),
	(2309,'Garoth',227),
	(4817,'GARU',578),
	(595,'Garugubilli',12),
	(1478,'Gaunaha',88),
	(2003,'Gauribidanur',170),
	(4240,'Gauriganj',509),
	(2219,'Gaurihar',210),
	(4073,'Gautam Buddha Nagar **',468),
	(4766,'Gawan',571),
	(1109,'Gaya',61),
	(4425,'Gazole',522),
	(5423,'Geesugonda',615),
	(907,'Geku Circle',47),
	(908,'Gelling Circle',47),
	(943,'Gensi Circle',50),
	(2493,'Georai',254),
	(4782,'Ghaghra',573),
	(1204,'Ghailarh',70),
	(4213,'Ghanghata **',502),
	(5227,'Ghanpur',611),
	(5424,'Ghanpur (Mulug)',615),
	(5425,'Ghanpur (Station)',615),
	(4680,'Ghansali **',561),
	(2380,'Ghansaur',239),
	(2581,'Ghansawangi',263),
	(1061,'Ghanshyampur',59),
	(308,'Ghantasala',6),
	(1752,'Gharaunda',124),
	(4965,'Gharghoda',602),
	(3561,'Gharsana',384),
	(3193,'Ghasipura',336),
	(1402,'Ghat Kusumbha',82),
	(4580,'Ghatal',530),
	(4135,'Ghatampur',482),
	(2786,'Ghatanji',283),
	(3194,'Ghatgaon',336),
	(2978,'Ghathashi',318),
	(2423,'Ghatiya',246),
	(5076,'Ghatkesar',608),
	(3473,'Ghatol',372),
	(4740,'Ghatshila',569),
	(5228,'Ghattu',611),
	(4076,'Ghaziabad',469),
	(4079,'Ghazipur',470),
	(1545,'Ghogha',94),
	(1626,'Ghoghamba',105),
	(1218,'Ghoghardiha',71),
	(783,'Ghograpar',32),
	(1080,'Ghorasahan',60),
	(4237,'Ghorawal **',508),
	(1148,'Ghoshi',64),
	(4169,'Ghosi',492),
	(1304,'Ghoswari',76),
	(1782,'Ghumarwin(T)',134),
	(920,'Giba Circle',48),
	(459,'Giddalur',9),
	(3426,'Giddarbaha',363),
	(1140,'Gidhaur',63),
	(4701,'Gidhaur',565),
	(3898,'Gingee',436),
	(2272,'Gird',219),
	(1265,'Giriak',74),
	(4767,'Giridih',571),
	(3681,'Girwa',401),
	(4502,'Goalpokhar - I',526),
	(4503,'Goalpokhar - II',526),
	(3735,'Gobichettipalayam',412),
	(1280,'Gobindpur',75),
	(3072,'Gobindpur',325),
	(4721,'Gobindpur',567),
	(4891,'Gobindpur',587),
	(3171,'Gochhapada',334),
	(4772,'Godda',572),
	(1627,'Godhra',105),
	(4381,'Goghat - I',518),
	(4382,'Goghat - II',518),
	(1183,'Gogri',67),
	(3682,'Gogunda',401),
	(978,'Goh',53),
	(2209,'Gohad',208),
	(1776,'Gohana',132),
	(2335,'Goharganj',232),
	(801,'Gohpur',35),
	(864,'Goiliang Circle',42),
	(4892,'Goilkera',587),
	(1965,'Gokak',164),
	(193,'Gokavaram',4),
	(4091,'Gola',472),
	(4844,'Gola',582),
	(4141,'Gola Gokaran Nath',484),
	(718,'Golaghat',22),
	(3115,'Golanthara',329),
	(5059,'Golconda',607),
	(5118,'Gollapalle',609),
	(194,'Gollaprolu',4),
	(4741,'Golmuri-Cum-Jugsalai',569),
	(701,'Golokganj',19),
	(555,'Golugonda',11),
	(4085,'Gonda',471),
	(1649,'Gondal',108),
	(2553,'Gondiya',260),
	(2525,'Gondpipri',257),
	(362,'Gonegandla',7),
	(1945,'Gool Gulab Garh',160),
	(18,'Gooty',1),
	(3305,'Gop',344),
	(2410,'Gopadbanas',244),
	(631,'Gopalapuram',13),
	(1128,'Gopalganj',62),
	(5229,'Gopalpeta',611),
	(1016,'Gopalpur',56),
	(3116,'Gopalpur',329),
	(143,'Gopavaram',3),
	(4581,'Gopiballavpur-I',530),
	(4582,'Gopiballavpur-II',530),
	(4727,'Gopikandar',568),
	(1062,'Gora Bauram',59),
	(1017,'Goradih',56),
	(4092,'Gorakhpur',472),
	(19,'Gorantla',1),
	(1461,'Goraul',87),
	(2554,'Goregaon',260),
	(735,'Goreswar',25),
	(1433,'Goriakothi',85),
	(4337,'Gorubathan',516),
	(3259,'Gorumahisani',340),
	(4544,'Gosaba',528),
	(363,'Gospadu',7),
	(755,'Gossaigaon',28),
	(2320,'Gotegaon',229),
	(3921,'Gournagar',439),
	(5426,'Govindaraopet',615),
	(3329,'Govindpur',346),
	(2101,'Gubbi',187),
	(3782,'Gudalur',420),
	(3315,'Gudari',345),
	(556,'Gudem Kotha Veedhi',11),
	(3486,'Gudha Malani',374),
	(20,'Gudibanda',1),
	(2004,'Gudibanda',170),
	(5014,'Gudihathnoor',606),
	(74,'Gudipala',2),
	(309,'Gudivada',6),
	(3892,'Gudiyatham',435),
	(310,'Gudlavalleru',6),
	(460,'Gudluru',9),
	(75,'Gudupalle',2),
	(364,'Gudur',7),
	(415,'Gudur',8),
	(5427,'Gudur',615),
	(311,'Guduru',6),
	(2708,'Guhagar',275),
	(1749,'Guhla',123),
	(2037,'Gulbarga',176),
	(1899,'Gulmarg',148),
	(4695,'Gumia',564),
	(4783,'Gumla',573),
	(21,'Gummagatta',1),
	(596,'Gummalakshmipuram',12),
	(3861,'Gummidipoondi',431),
	(2266,'Guna',218),
	(5176,'Gundala',610),
	(5334,'Gundala',613),
	(4927,'Gunderdehi',593),
	(5335,'Gundla Palle',613),
	(1990,'Gundlupet',168),
	(4028,'Gunnaur',457),
	(2328,'Gunnor',231),
	(22,'Guntakal',1),
	(254,'Guntur',5),
	(3316,'Gunupur',345),
	(1110,'Guraru',61),
	(255,'Gurazala',5),
	(3399,'Gurdaspur',356),
	(1896,'GUREZ',147),
	(1732,'Gurgaon',119),
	(2351,'Gurh',235),
	(597,'Gurla',12),
	(76,'Gurramkonda',2),
	(5336,'Gurrampode',613),
	(1111,'Gurua',61),
	(3073,'Gurudijhatia',325),
	(3356,'Gurundia',348),
	(4928,'Gurur',593),
	(1434,'Guthani',85),
	(736,'Guwahati',25),
	(1205,'Gwalpara',70),
	(3697,'Gyalshing',405),
	(4217,'Gyanpur',503),
	(2431,'Gyaraspur',248),
	(4426,'Habibpur',522),
	(4491,'Habra - I',525),
	(4492,'Habra - II',525),
	(1973,'Hadagalli',165),
	(2628,'Hadgaon',268),
	(788,'Haflong',33),
	(1974,'Hagaribommanahalli',165),
	(4005,'Haidergarh',453),
	(722,'Hailakandi',23),
	(1462,'Hajipur',87),
	(737,'Hajo',25),
	(365,'Halaharvi',7),
	(4328,'Haldibari',515),
	(4663,'Haldwani',557),
	(2115,'Haliyal',189),
	(1628,'Halol',105),
	(1195,'Halsi',69),
	(1690,'Halvad',111),
	(4095,'Hamirpur',473),
	(1798,'Hamirpur(T)',136),
	(5428,'Hanamkonda',615),
	(2992,'Handapa',319),
	(3965,'Handia',444),
	(1924,'Handwara',154),
	(2052,'Hangal',178),
	(1820,'Hangrang(S.T)',138),
	(1739,'Hansi',120),
	(4464,'Hanskhali',524),
	(1536,'Hansot',93),
	(2352,'Hanumana',235),
	(3569,'Hanumangarh',385),
	(1063,'Hanumannagar',59),
	(461,'Hanumanthuni Padu',9),
	(5230,'Hanwada',611),
	(4077,'Hapur',469),
	(2019,'Harapanahalli',173),
	(3061,'Harbhanga',324),
	(1807,'Harchakian(S.T)',137),
	(2274,'Harda',220),
	(4099,'Hardoi',474),
	(4659,'Hardwar',556),
	(3195,'Harichandanpur',336),
	(2020,'Harihar',173),
	(4836,'Hariharganj',581),
	(4446,'Hariharpara',523),
	(1638,'Harij',106),
	(4465,'Haringhata',524),
	(4383,'Haripal',518),
	(4563,'Harirampur',529),
	(4427,'Harischandrapur - I',522),
	(4428,'Harischandrapur - II',522),
	(683,'Harisinga',17),
	(1219,'Harlakhi',71),
	(1266,'Harnaut',74),
	(4493,'Haroa',525),
	(1888,'Haroli(S.T)',145),
	(4018,'Harraiya',455),
	(1081,'Harsidhi',60),
	(2258,'Harsud',217),
	(3722,'Harur',410),
	(1171,'Hasanganj',66),
	(4246,'Hasanganj',510),
	(5429,'Hasanparthy',615),
	(1362,'Hasanpur',80),
	(4125,'Hasanpur',479),
	(1435,'Hasanpura',85),
	(4494,'Hasnabad',525),
	(979,'Haspura',53),
	(2048,'Hassan',177),
	(4145,'Hata',485),
	(1725,'Hathin',117),
	(5279,'Hathnoora',612),
	(4103,'Hathras',475),
	(1129,'Hathua',62),
	(3357,'Hatibari',348),
	(2591,'Hatkanangle',264),
	(2234,'Hatta',212),
	(4602,'Hauz Khas',535),
	(1928,'Haveli',156),
	(2681,'Haveli',273),
	(2053,'Haveri',178),
	(865,'Hawai Circle',42),
	(1064,'Hayaghat',59),
	(5077,'Hayathnagar',608),
	(866,'Hayuliang Circle',42),
	(4794,'Hazaribag',574),
	(2077,'Heggadadevankote',183),
	(802,'Helem',35),
	(3358,'Hemgir',348),
	(4504,'Hemtabad',526),
	(3940,'Hezamara',441),
	(4564,'Hilli',529),
	(1267,'Hilsa',74),
	(1661,'Himatnagar',109),
	(5060,'Himayathnagar',607),
	(2629,'Himayatnagar',268),
	(3618,'Hindaun',392),
	(3091,'Hindol',327),
	(3521,'Hindoli',378),
	(23,'Hindupur',1),
	(4495,'Hingalganj',525),
	(2771,'Hinganghat',281),
	(2610,'Hingna',267),
	(2560,'Hingoli',261),
	(3117,'Hinjili',329),
	(3330,'Hirakud',346),
	(509,'Hiramandalam',10),
	(1922,'Hiranagar',153),
	(4827,'Hiranpur',580),
	(4257,'Hirbandh',512),
	(2054,'Hirekerur',178),
	(2008,'Hiriyur',171),
	(1740,'Hisar',120),
	(1281,'Hisua',75),
	(2881,'Hnahthial',304),
	(1726,'Hodal',117),
	(771,'Hojai',31),
	(366,'Holagunda',7),
	(2009,'Holalkere',171),
	(2049,'Hole Narsipur',177),
	(1791,'Holi(S.T)',135),
	(1983,'Homnabad',166),
	(2116,'Honavar',189),
	(2021,'Honnali',173),
	(2010,'Hosadurga',171),
	(1960,'Hosakote',163),
	(2094,'Hosanagara',186),
	(2144,'Hosdurg',194),
	(2279,'Hoshangabad',221),
	(3402,'Hoshiarpur',357),
	(1975,'Hospet',165),
	(3757,'Hosur',416),
	(3929,'Hrishyamukh',440),
	(2024,'Hubli',174),
	(1966,'Hukeri',164),
	(557,'Hukumpeta',11),
	(1149,'Hulasganj',64),
	(1952,'Hungund',161),
	(825,'Hunli Circle',38),
	(2078,'Hunsur',183),
	(2923,'Hunta',313),
	(4702,'Hunterganj',565),
	(4515,'Hura',527),
	(3505,'Hurda',376),
	(5119,'Husnabad',609),
	(4837,'Hussainabad',581),
	(1436,'Hussainganj',85),
	(2215,'Huzur',209),
	(2353,'Huzur',235),
	(5120,'Huzurabad',609),
	(5337,'Huzurnagar',613),
	(195,'I. Polavaram',4),
	(312,'Ibrahimpatnam',6),
	(5078,'Ibrahimpatnam',608),
	(5121,'Ibrahimpatnam',609),
	(4874,'Ichagarh',585),
	(4795,'Ichak',574),
	(510,'Ichchapuram',10),
	(2376,'Ichhawar',238),
	(5015,'Ichoda',606),
	(1662,'Idar',109),
	(5231,'Ieej',611),
	(2649,'Igatpuri',270),
	(3960,'Iglas',443),
	(4223,'Ikauna **',505),
	(3816,'Ilayangudi',425),
	(4307,'Illambazar',514),
	(3794,'Iluppur',422),
	(1112,'Imamganj',61),
	(2682,'Indapur',273),
	(5016,'Inderavelly',606),
	(1986,'Indi',167),
	(1808,'Indora(T)',137),
	(2285,'Indore',222),
	(4258,'Indpur',512),
	(3522,'Indragarh',378),
	(1753,'Indri',124),
	(416,'Indukurpet',8),
	(4259,'Indus',512),
	(462,'Inkollu',9),
	(256,'Ipur',5),
	(632,'Iragavaram',13),
	(77,'Irala',2),
	(2267,'Isagarh',218),
	(1386,'Ishupur',81),
	(1141,'Islamnagar Aliganj',63),
	(1268,'Islampur',74),
	(4505,'Islampur',526),
	(1018,'Ismailpur',56),
	(1763,'Israna',128),
	(4506,'Itahar',526),
	(885,'Itanagar Circle',44),
	(1050,'Itarhi',58),
	(2280,'Itarsi',221),
	(5232,'Itikyal',611),
	(4703,'Itkhori',565),
	(4227,'Itwa',506),
	(2288,'Jabalpur',223),
	(2235,'Jabera',212),
	(5233,'Jadcherla',611),
	(2582,'Jafferabad',263),
	(1506,'Jafrabad',90),
	(1780,'Jagadhri',133),
	(2022,'Jagalur',173),
	(4893,'Jagannathpur',587),
	(4399,'Jagatballavpur',519),
	(3074,'Jagatpur',325),
	(3131,'Jagatsinghapur',330),
	(4904,'Jagdalpur',588),
	(5280,'Jagdevpur',612),
	(1019,'Jagdishpur',56),
	(1036,'Jagdishpur',57),
	(196,'Jaggampeta',4),
	(313,'Jaggayyapeta',6),
	(3413,'Jagraon',360),
	(5122,'Jagtial',609),
	(3506,'Jahazpur',376),
	(1809,'Jai Singhpur(T)',137),
	(4935,'Jaijaipur',594),
	(5017,'Jainad',606),
	(1220,'Jainagar',71),
	(4810,'Jainagar',577),
	(5018,'Jainoor',606),
	(3580,'Jaipur',386),
	(4516,'Jaipur',527),
	(5019,'Jaipur',606),
	(812,'Jairampur Circle',37),
	(3589,'Jaisalmer',387),
	(2386,'Jaisinghnagar',240),
	(3641,'Jaitaran',395),
	(2387,'Jaithari',240),
	(2388,'Jaitpur',240),
	(3386,'Jaitu',352),
	(3141,'Jajapur',331),
	(3142,'Jajapur Road',331),
	(5338,'Jaji Reddi Gudem',613),
	(2905,'Jakhama',310),
	(4080,'Jakhanian **',470),
	(5388,'Jakranpalle',614),
	(417,'Jaladanki',8),
	(668,'Jalah',14),
	(3393,'Jalalabad',354),
	(4218,'Jalalabad',504),
	(1324,'Jalalgarh',77),
	(1624,'Jalalpore',104),
	(1387,'Jalalpur',81),
	(3973,'Jalalpur',445),
	(3404,'Jalandhar - I',358),
	(3405,'Jalandhar -II',358),
	(4447,'Jalangi',523),
	(4107,'Jalaun',476),
	(4882,'Jaldega',586),
	(1065,'Jale',59),
	(4049,'Jalesar',462),
	(3024,'Jaleswar',321),
	(2571,'Jalgaon',262),
	(2510,'Jalgaon (Jamod)',256),
	(2602,'Jalkot',265),
	(2583,'Jalna',263),
	(3594,'Jalor',388),
	(4411,'Jalpaiguri',520),
	(2935,'Jalukie',314),
	(511,'Jalumuru',10),
	(4728,'Jama',568),
	(2227,'Jamai',211),
	(1237,'Jamalpur',72),
	(4283,'Jamalpur',513),
	(3331,'Jamankira',346),
	(4583,'Jamboni',530),
	(1629,'Jambughoda',105),
	(1537,'Jambusar',93),
	(598,'Jami',12),
	(932,'Jamiri Circle',49),
	(1565,'Jamjodhpur',97),
	(1650,'Jamkandorna',108),
	(1953,'Jamkhandi',161),
	(2446,'Jamkhed',250),
	(144,'Jammalamadugu',3),
	(5123,'Jammikunta',609),
	(1915,'Jammu',151),
	(1566,'Jamnagar',97),
	(2572,'Jamner',262),
	(3922,'Jampuii hills',439),
	(3941,'Jampuijala',441),
	(4799,'Jamtara',575),
	(4768,'Jamua',571),
	(1142,'Jamui',63),
	(4284,'Jamuria',513),
	(3581,'Jamwa Ramgarh',386),
	(463,'Janakavarampanguluru',9),
	(1463,'Jandaha',87),
	(893,'Jang Circle',45),
	(5430,'Jangaon',615),
	(633,'Jangareddigudem',13),
	(4384,'Jangipara',518),
	(4936,'Janjgir',594),
	(3215,'Jankia',337),
	(5020,'Jannaram',606),
	(4186,'Jansath',496),
	(2724,'Jaoli',277),
	(2347,'Jaora',234),
	(3118,'Jarada',329),
	(2993,'Jarapada',319),
	(4696,'Jaridih',564),
	(4729,'Jarmundi',568),
	(1651,'Jasdan',108),
	(3260,'Jashipur',340),
	(4942,'Jashpur',595),
	(4069,'Jasrana',467),
	(1810,'Jaswan(T)',137),
	(4055,'Jaswantnagar **',463),
	(2716,'Jat',276),
	(3216,'Jatani',337),
	(2417,'Jatara',245),
	(4113,'Jaunpur',477),
	(2324,'Jawad',230),
	(1811,'Jawali(T)',137),
	(2757,'Jawhar',280),
	(3631,'Jayal',394),
	(3156,'Jayapatna',333),
	(4545,'Jaynagar - I',528),
	(4546,'Jaynagar - II',528),
	(4260,'Jaypur',512),
	(634,'Jeelugu Milli',13),
	(1150,'Jehanabad',64),
	(909,'Jengging Circle',47),
	(1652,'Jetpur',108),
	(1699,'Jetpur Pavi',113),
	(2038,'Jevargi',176),
	(4074,'Jewar **',468),
	(3227,'Jeypur',338),
	(2294,'Jhabua',224),
	(3683,'Jhadol',401),
	(1538,'Jhagadia',93),
	(1143,'Jhajha',63),
	(1744,'Jhajjar',121),
	(4517,'Jhalda - I',527),
	(4518,'Jhalda - II',527),
	(1557,'Jhalod',95),
	(3600,'Jhalrapatan',389),
	(1783,'Jhanduta(T)',134),
	(1221,'Jhanjharpur',71),
	(4119,'Jhansi',478),
	(5281,'Jharasangam',612),
	(3043,'Jharbandha',322),
	(4584,'Jhargram',530),
	(4722,'Jharia-Cum-Jorapokhar-Cum-Sindri',567),
	(3279,'Jharigan',341),
	(3261,'Jharpokharia',340),
	(3149,'Jharsuguda',332),
	(4894,'Jhinkpani',587),
	(2440,'Jhiranya',249),
	(3607,'Jhunjhunun',390),
	(1745,'Jind',122),
	(5282,'Jinnaram',612),
	(2669,'Jintur',272),
	(3942,'Jirania',441),
	(2340,'Jirapur',233),
	(2810,'Jiribam Sub-Division',287),
	(599,'Jiyyammavalasa',12),
	(2295,'Jobat',224),
	(3196,'Joda',336),
	(3613,'Jodhpur',391),
	(1567,'Jodiya',97),
	(1479,'Jogapatti',88),
	(1840,'Jogindarnagar(T)',141),
	(961,'Jokihat',51),
	(944,'Jomlo Mobuk Circle',50),
	(693,'Jonai',18),
	(3297,'Jonk',343),
	(4338,'Jorebunglow Sukiapokhri',516),
	(725,'Jorhat East',24),
	(726,'Jorhat West',24),
	(4650,'Joshimath',553),
	(2314,'Joura',228),
	(1855,'Jubbal(T)',142),
	(3332,'Jujomura',346),
	(5389,'Jukkal',614),
	(1746,'Julana',122),
	(5124,'Julapalle',609),
	(5177,'Julurpad',610),
	(1574,'Junagadh',98),
	(3157,'Junagarh',333),
	(1856,'Junga(S.T)',142),
	(2683,'Junnar',273),
	(367,'Jupadu Bungalow',7),
	(558,'K.Kotapadu',11),
	(78,'K.V.B.Puram',2),
	(3119,'Kabisuryanagar',329),
	(3799,'Kadaladi',423),
	(760,'Kadam',29),
	(3923,'Kadamtala',439),
	(1630,'Kadana',105),
	(5021,'Kaddam (Peddur)',606),
	(1608,'Kadi',101),
	(197,'Kadiam',4),
	(4241,'Kadipur',509),
	(24,'Kadiri',1),
	(1994,'Kadur',169),
	(1172,'Kadwa',66),
	(2592,'Kagal',264),
	(5022,'Kagaznagar',606),
	(1350,'Kahara',79),
	(2494,'Kaij',254),
	(314,'Kaikalur',6),
	(2315,'Kailaras',228),
	(4064,'Kaimganj',465),
	(4187,'Kairana',496),
	(3988,'Kaiserganj',449),
	(1750,'Kaithal',123),
	(198,'Kajuluru',4),
	(3306,'Kakatpur',344),
	(2828,'Kakching Sub-Div.',291),
	(4547,'Kakdwip',528),
	(199,'Kakinada (Urban)',4),
	(200,'Kakinada Rural',4),
	(3228,'Kakiriguma',338),
	(1151,'Kako',64),
	(3930,'Kakraban',440),
	(257,'Kakumanu',5),
	(684,'Kalaigaon',17),
	(79,'Kalakada',2),
	(1936,'Kalakote',158),
	(933,'Kalaktang Circle',49),
	(2661,'Kalamb',271),
	(2787,'Kalamb',283),
	(2611,'Kalameshwar',267),
	(2561,'Kalamnuri',261),
	(2392,'Kalapipal',241),
	(145,'Kalasapadu',3),
	(1568,'Kalavad',97),
	(4412,'Kalchini',520),
	(968,'Kaler',52),
	(669,'Kalgachia',14),
	(2025,'Kalghatgi',174),
	(5283,'Kalher',612),
	(772,'Kaliabor',31),
	(4429,'Kaliachak - I',522),
	(4430,'Kaliachak - II',522),
	(4431,'Kaliachak - III',522),
	(4507,'Kaliaganj',526),
	(315,'Kalidindi',6),
	(4466,'Kaliganj',524),
	(418,'Kaligiri',8),
	(80,'Kalikiri',2),
	(3242,'Kalimela',339),
	(4339,'Kalimpong - II',516),
	(4340,'Kalimpong -I',516),
	(1761,'Kalka',127),
	(4604,'Kalkaji',536),
	(3749,'Kalkulam',414),
	(635,'Kalla',13),
	(3899,'Kallakkurichi',436),
	(368,'Kallur',7),
	(5178,'Kallur',610),
	(4285,'Kalna - I',513),
	(4286,'Kalna - II',513),
	(1561,'Kalol',96),
	(1631,'Kalol',105),
	(1821,'Kalpa(T)',138),
	(4108,'Kalpi',476),
	(1222,'Kaluahi',71),
	(419,'Kaluvoya',8),
	(5234,'Kalwakurthy',611),
	(2650,'Kalwan',270),
	(2758,'Kalyan',280),
	(3317,'Kalyanasingpur',345),
	(25,'Kalyandurg',1),
	(1082,'Kalyanpur',60),
	(1363,'Kalyanpur',80),
	(1569,'Kalyanpur',97),
	(3943,'Kalyanpur',441),
	(3092,'Kamakshyanagar',327),
	(5125,'Kamalapur',609),
	(146,'Kamalapuram',3),
	(738,'Kamalpur',25),
	(3494,'Kaman',375),
	(5126,'Kamanpur',609),
	(5390,'Kamareddy',614),
	(3359,'Kamarposh Balang',348),
	(636,'Kamavarapukota',13),
	(945,'Kamba Circle',50),
	(26,'Kambadur',1),
	(81,'Kambhamvaripalle',2),
	(4803,'Kamdara',576),
	(5179,'Kamepalle',610),
	(2831,'Kamjong Chassad Sub-Div.',292),
	(5391,'Kammarpalle',614),
	(877,'Kamporijo Circle',43),
	(2612,'Kamptee',267),
	(773,'Kampur',31),
	(1869,'Kamrau(S.T)',143),
	(1673,'Kamrej',110),
	(3800,'Kamuthi',423),
	(27,'Kanaganapalle',1),
	(2090,'Kanakapura',185),
	(2131,'Kanayannur',191),
	(3741,'Kancheepuram',413),
	(316,'Kanchikacherla',6),
	(512,'Kanchili',10),
	(1879,'Kandaghat(T)',144),
	(2630,'Kandhar',268),
	(4448,'Kandi',523),
	(4751,'Kandi',570),
	(464,'Kandukur',9),
	(5079,'Kandukur',608),
	(28,'Kanekal',1),
	(5339,'Kangal',613),
	(1942,'Kangan',159),
	(3855,'Kangeyam',430),
	(946,'Kangku Circle',50),
	(1812,'Kangra(T)',137),
	(5284,'Kangti',612),
	(465,'Kanigiri',9),
	(2994,'Kaniha',319),
	(4599,'Kanjhawala',534),
	(3197,'Kanjipani',336),
	(2152,'Kanjirappally',196),
	(2737,'Kankavli',278),
	(4854,'Kanke',583),
	(4948,'Kanker',596),
	(317,'Kankipadu',6),
	(1528,'Kankrej',92),
	(4287,'Kanksa',513),
	(2482,'Kannad',253),
	(4127,'Kannauj',480),
	(2244,'Kannod',214),
	(2141,'Kannur',193),
	(3075,'Kanpur',325),
	(4136,'Kanpur',482),
	(3008,'Kantabanji',320),
	(3062,'Kantamal',324),
	(1249,'Kanti',73),
	(899,'Kanubari Circle',46),
	(1598,'Kapadvanj',100),
	(3533,'Kapasan',379),
	(201,'Kapileswarapuram',4),
	(4647,'Kapkot **',552),
	(1710,'Kaprada',114),
	(3262,'Kaptipada',340),
	(3410,'Kapurthala',359),
	(2725,'Karad',277),
	(2398,'Karahal',242),
	(1269,'Karai Parsurai',74),
	(3817,'Karaikkudi',425),
	(1336,'Karakat',78),
	(466,'Karamchedu',9),
	(4508,'Karandighi',526),
	(2772,'Karanja',281),
	(2776,'Karanja',282),
	(3263,'Karanjia',340),
	(3562,'Karanpur',384),
	(202,'Karapa',4),
	(3619,'Karauli',392),
	(4598,'Karawal Nagar',533),
	(3931,'Karbuk',440),
	(3966,'Karchhana',444),
	(2321,'Kareli',229),
	(258,'Karempudi',5),
	(2401,'Karera',243),
	(1337,'Kargahar',78),
	(1918,'Kargil',152),
	(4164,'Karhal',490),
	(3907,'Kariapatti',437),
	(749,'Karimganj',27),
	(5127,'Karimnagar',609),
	(4467,'Karimpur - I',524),
	(4468,'Karimpur - II',524),
	(1700,'Karjan',113),
	(2447,'Karjat',250),
	(2692,'Karjat',274),
	(2110,'Karkal',188),
	(259,'Karlapalem',5),
	(2745,'Karmala',279),
	(1925,'Karnah',154),
	(1754,'Karnal',124),
	(4651,'Karnaprayag',553),
	(4712,'Karon',566),
	(969,'Karpi',52),
	(4804,'Karra',576),
	(1841,'Karsog(T)',141),
	(4953,'Kartala',598),
	(2127,'Karthikappally',190),
	(2146,'Karunagappally',195),
	(3753,'Karur',415),
	(82,'Karvetinagar',2),
	(2593,'Karvir',264),
	(2117,'Karwar',189),
	(4040,'Karwi',460),
	(2145,'Kasaragod',194),
	(1880,'Kasauli(T)',144),
	(1325,'Kasba',77),
	(4978,'Kasdol',603),
	(4050,'Kasganj',462),
	(1282,'Kashi Chak',75),
	(3099,'Kashinagara',328),
	(3318,'Kashipur',345),
	(4519,'Kashipur',527),
	(4684,'Kashipur',562),
	(559,'Kasimkota',11),
	(5023,'Kasipet',606),
	(4697,'Kasmar',564),
	(2441,'Kasrawad',249),
	(4146,'Kasya **',485),
	(910,'Katan Circle',47),
	(2192,'Katangi',205),
	(5128,'Kataram',609),
	(3333,'Katarbaga',346),
	(4954,'Katghora',598),
	(3944,'Kathalia',441),
	(4730,'Kathikund',568),
	(1599,'Kathlal',100),
	(5129,'Kathlapur',609),
	(1923,'Kathua',153),
	(3461,'Kathumar',371),
	(677,'Katigora',16),
	(1173,'katihar',66),
	(1130,'Katiya',62),
	(4796,'Katkamsandi',574),
	(723,'Katlichara',23),
	(2613,'Katol',267),
	(992,'Katoria',54),
	(3893,'Katpadi',435),
	(1250,'Katra',73),
	(203,'Katrenikona',4),
	(1270,'Katrisarai',74),
	(5340,'Kattangoor',613),
	(3716,'Kattumannarkoil',409),
	(4288,'Katwa - I',513),
	(4289,'Katwa - II',513),
	(420,'Kavali',8),
	(1701,'Kavant',113),
	(4630,'Kavaratti',543),
	(2717,'Kavathemahankal',276),
	(513,'Kaviti',10),
	(1283,'Kawakol',75),
	(4951,'Kawardha',597),
	(947,'Kaying Circle',50),
	(5080,'Keesara',608),
	(3158,'Kegaon',333),
	(2811,'Keirao Bitra Sub-Division',287),
	(3452,'Kekri',370),
	(2788,'Kelapur',283),
	(3182,'Kendrapara',335),
	(3198,'Kendujhar Sadar',336),
	(3199,'Kendujhar Town',336),
	(2381,'Keolari',239),
	(1066,'Keotiranway',59),
	(4114,'Kerakat',477),
	(5024,'Kerameri',606),
	(4797,'Keredari',574),
	(5431,'Kesamudram',615),
	(1083,'Kesaria',60),
	(1051,'Kesath',58),
	(5235,'Keshampet',611),
	(4585,'Keshiary',530),
	(4905,'Keshkal',588),
	(1575,'Keshod',98),
	(3523,'Keshoraipatan',378),
	(4586,'Keshpur',530),
	(3159,'Kesinga',333),
	(2362,'Kesli',236),
	(5341,'Kethe Palle',613),
	(4290,'Ketugram - I',513),
	(4291,'Ketugram - II',513),
	(2906,'Kezocha',310),
	(2424,'Khacharod',246),
	(3446,'Khadoor Sahib',369),
	(4067,'Khaga',466),
	(1184,'Khagaria',67),
	(3961,'Khair',443),
	(1144,'Khaira',63),
	(3025,'Khaira',321),
	(4988,'Khairagarh',604),
	(5061,'Khairatabad',607),
	(1223,'Khajauli',71),
	(147,'Khajipet',3),
	(4093,'Khajni',472),
	(3172,'Khajuripada',334),
	(3515,'Khajuwala',377),
	(2693,'Khalapur',274),
	(3120,'Khalikote',329),
	(4214,'Khalilabad',502),
	(3390,'Khamanon',353),
	(2995,'Khamar',319),
	(1507,'Khambha',90),
	(1570,'Khambhalia',97),
	(1516,'Khambhat',91),
	(2511,'Khamgaon',256),
	(5180,'Khammam (Rural)',610),
	(5181,'Khammam (Urban)',610),
	(4385,'Khanakul - I',518),
	(4386,'Khanakul - II',518),
	(1967,'Khanapur',164),
	(2718,'Khanapur',276),
	(5025,'Khanapur',606),
	(5432,'Khanapur',615),
	(4292,'Khandaghosh',513),
	(3217,'Khandagiri',337),
	(2726,'Khandala',277),
	(3290,'Khandapada',342),
	(3659,'Khandar',397),
	(2259,'Khandwa',217),
	(2402,'Khaniyadhana',243),
	(3414,'Khanna',360),
	(1364,'Khanpur',80),
	(1632,'Khanpur',105),
	(3601,'Khanpur',389),
	(3009,'Khaprakhol',320),
	(1238,'Kharagpur',72),
	(4587,'Kharagpur-I',530),
	(4588,'kharagpur-II',530),
	(3438,'Kharar',367),
	(4752,'Kharaundhi',570),
	(2442,'Khargone',249),
	(4449,'Khargram',523),
	(3298,'Khariar',343),
	(4341,'Kharibari',516),
	(1020,'Kharik',56),
	(1777,'Kharkhoda',132),
	(813,'Kharsang Circle',37),
	(4875,'Kharsawan',585),
	(4966,'Kharsia',602),
	(2727,'Khatav',277),
	(2245,'Khategaon',214),
	(3280,'Khatiguda',341),
	(4685,'Khatima',562),
	(4261,'Khatra',512),
	(2874,'Khawbung',301),
	(2875,'Khawzawl',301),
	(2684,'Khed',273),
	(2709,'Khed',275),
	(1600,'Kheda',100),
	(1663,'Khedbrahma',109),
	(3632,'Kheenvsar',394),
	(4355,'Khejuri-I',517),
	(4356,'Khejuri-II',517),
	(3986,'Khekada **',448),
	(832,'Khenewa Circle',39),
	(3956,'Kheragarh',442),
	(1609,'Kheralu',101),
	(3684,'Kherwara',401),
	(3608,'Khetri',390),
	(2942,'Khezhakeno',315),
	(2341,'Khilchipur',233),
	(814,'Khimiyong Circle',37),
	(2275,'Khirkiya',220),
	(1113,'Khizirsarai',61),
	(2848,'Khliehriat',295),
	(685,'Khoirabari',17),
	(900,'Khonsa Circle',46),
	(3218,'Khordha',337),
	(3945,'Khowai',441),
	(4308,'Khoyrasol',514),
	(1007,'Khudabandpur',55),
	(2483,'Khuldabad',253),
	(719,'Khumtai',22),
	(1813,'Khundian(T)',137),
	(3264,'Khunta',340),
	(4805,'Khunti',576),
	(4895,'Khuntpani',587),
	(2363,'Khurai',236),
	(4033,'Khurja',458),
	(1305,'Khusrupur',76),
	(867,'Kibithoo Circle',42),
	(4686,'Kichha',562),
	(3932,'Killa',440),
	(3770,'Kilvelur',418),
	(886,'Kimin Circle',44),
	(3709,'Kinathukadavoo',408),
	(3360,'Kinjirkela',348),
	(2631,'Kinwat',268),
	(2900,'Kiphire Sadar',309),
	(3957,'Kiraoli',442),
	(1067,'Kiratpur',59),
	(204,'Kirlampudi',4),
	(2193,'Kirnapur',205),
	(1189,'Kishanganj',68),
	(1206,'Kishanganj',70),
	(3480,'Kishanganj',373),
	(3453,'Kishangarh',370),
	(3462,'Kishangarh Bas',371),
	(3076,'Kishannagar',325),
	(1448,'Kishanpur',86),
	(2996,'Kishorenagar',319),
	(1910,'Kishtwar',150),
	(3334,'Kisinda',346),
	(4822,'Kisko',579),
	(2952,'Kiusam',316),
	(1190,'Kochadhamin',68),
	(1338,'Kochas',78),
	(2132,'Kochi',191),
	(3335,'Kochinda',346),
	(5342,'Kodad',613),
	(3727,'Kodaikanal',411),
	(5236,'Kodair',611),
	(5433,'Kodakandla',615),
	(3121,'Kodala',329),
	(5237,'Kodangal',611),
	(4811,'Kodarma',577),
	(421,'Kodavalur',8),
	(3875,'Kodavasal',433),
	(5130,'Kodimial',609),
	(1576,'Kodinar',98),
	(3281,'Kodinga',341),
	(369,'Kodumur',7),
	(2180,'Kodungallur',202),
	(148,'Kodur',3),
	(318,'Koduru',6),
	(5131,'Koheda',609),
	(2907,'Kohima Sadar',310),
	(5285,'Kohir',612),
	(3361,'Koida',348),
	(3962,'Koil',443),
	(5238,'Koilkonda',611),
	(370,'Koilkuntla',7),
	(1037,'Koilwar',57),
	(3160,'Kokasara',333),
	(756,'Kokrajhar',28),
	(3150,'Kolabira',332),
	(2062,'Kolar',180),
	(2403,'Kolaras',243),
	(3516,'Kolayat',377),
	(4883,'Kolebira',586),
	(3265,'Koliana',340),
	(371,'Kolimigundla',7),
	(4420,'Kolkata',521),
	(2147,'Kollam',195),
	(5239,'Kollapur',611),
	(1991,'Kollegal',168),
	(260,'Kollipara',5),
	(261,'Kollur',5),
	(878,'Koloriang Circle',43),
	(3299,'Komana',343),
	(600,'Komarada',12),
	(467,'Komarolu',9),
	(468,'Konakanamitla',9),
	(5132,'Konaraopeta',609),
	(3307,'Konark',344),
	(1114,'Konch',61),
	(4109,'Konch',476),
	(4906,'Kondagaon',588),
	(5286,'Kondapak',612),
	(469,'Kondapi',9),
	(5287,'Kondapur',612),
	(149,'Kondapuram',3),
	(422,'Kondapuram',8),
	(5240,'Kondurg',611),
	(5182,'Konijerla',610),
	(4918,'Konta',591),
	(2448,'Kopargaon',250),
	(1995,'Koppa',169),
	(2067,'Koppal',181),
	(3143,'Korai',331),
	(3967,'Koraon **',444),
	(3229,'Koraput',338),
	(3230,'Koraput Town',338),
	(2102,'Koratagere',187),
	(5133,'Koratla',609),
	(4955,'Korba',598),
	(2546,'Korchi',259),
	(2728,'Koregaon',277),
	(1174,'Korha',66),
	(470,'Korisapadu',9),
	(826,'Koronu Circle',38),
	(2526,'Korpana',257),
	(205,'Korukonda',4),
	(5241,'Kosgi',611),
	(372,'Kosigi',7),
	(1767,'Kosli',129),
	(4664,'Kosya Kutauli',557),
	(423,'Kota',8),
	(4910,'Kota',590),
	(514,'Kotabommali',10),
	(3173,'Kotagarh',334),
	(3783,'Kotagiri',420),
	(206,'Kotananduru',4),
	(5026,'Kotapalle',606),
	(560,'Kotauratla',11),
	(1653,'Kotda Sangani',108),
	(4667,'Kotdwara',558),
	(5392,'Kotgiri',614),
	(471,'Kotha Patnam',9),
	(29,'Kothacheruvu',1),
	(5183,'Kothagudem',610),
	(5434,'Kothagudem',615),
	(5242,'Kothakota',611),
	(2133,'Kothamangalam',191),
	(207,'Kothapalle',4),
	(373,'Kothapalle',7),
	(208,'Kothapeta',4),
	(601,'Kothavalasa',12),
	(5243,'Kothur',611),
	(515,'Kothuru',10),
	(3463,'Kotkasim',371),
	(1857,'Kotkhai(T)',142),
	(1842,'Kotli(S.T)',141),
	(2188,'Kotma',204),
	(3231,'Kotpad',338),
	(3582,'Kotputli',386),
	(3685,'Kotra',401),
	(3507,'Kotri',376),
	(2148,'Kottarakkara',195),
	(2153,'Kottayam',196),
	(4618,'Kottucherry Commune Panchayat',541),
	(4262,'Kotulpur',512),
	(1084,'Kotwa',60),
	(5027,'Kouthala',606),
	(3883,'Kovilpatti',434),
	(424,'Kovur',8),
	(637,'Kovvur',13),
	(5288,'Kowdipalle',612),
	(374,'Kowthalam',7),
	(842,'Koyu Circle',40),
	(638,'Koyyalagudem',13),
	(561,'Koyyuru',11),
	(2171,'Kozhenchery',200),
	(2156,'Kozhikode',197),
	(1881,'Krishangarh(S.T)',144),
	(4469,'Krishnaganj',524),
	(4470,'Krishnagar - I',524),
	(4471,'Krishnagar - II',524),
	(375,'Krishnagiri',7),
	(3758,'Krishnagiri',416),
	(2079,'Krishnarajanagara',183),
	(2070,'Krishnarajpet',182),
	(3754,'Krishnarayapuram',415),
	(1326,'Krityanand Nagar',77),
	(827,'Kronli Circle',38),
	(262,'Krosuru',5),
	(3308,'Krushna Prasad',344),
	(319,'Kruthivennu',6),
	(5028,'Kubeer',606),
	(2916,'Kubolong',312),
	(4876,'Kuchai',585),
	(1131,'Kuchaikote',62),
	(30,'Kudair',1),
	(2738,'Kudal',278),
	(1976,'Kudligi',165),
	(1159,'Kudra',65),
	(2614,'Kuhi',267),
	(2896,'Kuhoboto',308),
	(3132,'Kujang',330),
	(2252,'Kukshi',215),
	(5184,'Kukunoor',610),
	(3795,'Kulathur',422),
	(5289,'Kulcharam',612),
	(1893,'Kulgam',146),
	(3755,'Kulithalai',415),
	(5081,'Kulkacharla',608),
	(1828,'Kullu(T)',139),
	(4161,'Kulpahar',489),
	(4548,'Kulpi',528),
	(4549,'Kultali',528),
	(4896,'Kumardungi',587),
	(4565,'Kumarganj',529),
	(3924,'Kumarghat',439),
	(4413,'Kumargram',520),
	(1207,'Kumarkhand',70),
	(3821,'Kumbakonam',426),
	(3651,'Kumbhalgarh',396),
	(2268,'Kumbhraj',218),
	(1858,'Kumharsain(T)',142),
	(3495,'Kumher',375),
	(2118,'Kumta',189),
	(5185,'Kunavaram',610),
	(4193,'Kunda',498),
	(4704,'Kunda',565),
	(3784,'Kundah',420),
	(4800,'Kundahit',575),
	(2289,'Kundam',223),
	(2111,'Kundapura',188),
	(2026,'Kundgol',174),
	(3085,'Kundheigola',326),
	(3232,'Kundura',338),
	(31,'Kundurpi',1),
	(2103,'Kunigal',187),
	(1508,'Kunkavav Vadia',90),
	(4943,'Kunkuri',595),
	(3787,'Kunnam',421),
	(2134,'Kunnathunad',191),
	(2149,'Kunnathur',195),
	(5029,'Kuntala',606),
	(83,'Kuppam',2),
	(1926,'Kupwara',154),
	(84,'Kurabalakota',2),
	(2382,'Kurai',239),
	(5435,'Kuravi',615),
	(4884,'Kurdeg',586),
	(1251,'Kurhani',73),
	(472,'Kurichedu',9),
	(3717,'Kurinjipadi',409),
	(2547,'Kurkheda',259),
	(376,'Kurnool',7),
	(962,'Kursakatta',51),
	(1175,'Kursela',66),
	(4342,'Kurseong',516),
	(970,'Kurtha',52),
	(4823,'Kuru',579),
	(4920,'Kurud',592),
	(602,'Kurupam',12),
	(2432,'Kurwai',248),
	(3474,'Kushalgarh',372),
	(1068,'Kusheshwar Asthan',59),
	(1069,'Kusheshwar Asthan Purbi',59),
	(4566,'Kushmundi',529),
	(2068,'Kushtagi',181),
	(2411,'Kusmi',244),
	(5186,'Kusumanchi',610),
	(1645,'Kutiyana',107),
	(3362,'Kutra',348),
	(2128,'Kuttanad',190),
	(980,'Kutumba',53),
	(4309,'Labpur',514),
	(3464,'Lachhmangarh',371),
	(3664,'Lachhmangarh',398),
	(1843,'Lad Bharol(T)',141),
	(833,'Lada Circle',39),
	(1224,'Ladania',71),
	(3633,'Ladnu',394),
	(3625,'Ladpura',393),
	(2210,'Lahar',208),
	(766,'Laharighat',30),
	(4231,'Laharpur',507),
	(1388,'Lahladpur',81),
	(1832,'Lahul (T)',140),
	(3363,'Lahunipara',348),
	(3151,'Laikera',332),
	(4967,'Lailunga',602),
	(901,'Laju Circle',46),
	(2501,'Lakhandur',255),
	(2502,'Lakhani',255),
	(3152,'Lakhanpur',332),
	(4142,'Lakhimpur',484),
	(678,'Lakhipur',16),
	(713,'Lakhipur',21),
	(1196,'Lakhisarai',69),
	(2383,'Lakhnadon',239),
	(1225,'Lakhnaur',71),
	(1592,'Lakhpat',99),
	(1691,'Lakhtar',111),
	(603,'Lakkavarapukota',12),
	(150,'Lakkireddipalle',3),
	(1437,'Lakri Nabiganj',85),
	(4660,'Laksar',556),
	(516,'Lakshminarsupeta',10),
	(1145,'Lakshmipur',63),
	(3233,'Lakshmipur',338),
	(724,'Lala',23),
	(1464,'Lalganj',87),
	(3979,'Lalganj',447),
	(4177,'Lalganj',494),
	(4194,'Lalganj',498),
	(4198,'Lalganj',499),
	(4450,'Lalgola',523),
	(3834,'Lalgudi',428),
	(4149,'Lalitpur',486),
	(1571,'Lalpur',97),
	(3547,'Lalsot',381),
	(4242,'Lambhua **',509),
	(2814,'Lamphelpat Sub-Division',288),
	(2815,'Lamshang Sub-Division',288),
	(2710,'Lanja',275),
	(2194,'Lanji',205),
	(3161,'Lanjigarh',333),
	(774,'Lanka',31),
	(4668,'Lansdowne',558),
	(4806,'Lapung',576),
	(2849,'Laskein',295),
	(4818,'LATEHAR',578),
	(2433,'Lateri',248),
	(1509,'Lathi',90),
	(3364,'Lathikata',348),
	(2603,'Latur',265),
	(1226,'Laukaha',71),
	(1227,'Laukahi',71),
	(2220,'Laundi',210),
	(1480,'Lauriya',88),
	(517,'Laveru',10),
	(4705,'Lawalaung',565),
	(2880,'Lawngtlai',303),
	(5030,'Laxmanchanda',606),
	(1927,'Leh',155),
	(868,'Lekang Circle',42),
	(32,'Lepakshi',1),
	(3365,'Lephripara',348),
	(887,'Leporiang Circle',44),
	(4838,'Leslieganj',581),
	(948,'Likabali Circle',50),
	(1510,'Lilia',90),
	(2829,'Lilong Sub-Division',291),
	(1692,'Limbdi',111),
	(921,'Limeking Circle',48),
	(1558,'Limkheda',95),
	(5244,'Lingal',611),
	(151,'Lingala',3),
	(5436,'Lingalaghanpur',615),
	(5393,'Lingampet',614),
	(639,'Lingapalem',13),
	(3219,'Lingaraj',337),
	(473,'Lingasamudram',9),
	(2085,'Lingsugur',184),
	(949,'Liromoba Circle',50),
	(4828,'Litipara',580),
	(1654,'Lodhika',108),
	(2632,'Loha',268),
	(2662,'Lohara',271),
	(4824,'Lohardaga',579),
	(1720,'Loharu',116),
	(3010,'Loisinga',320),
	(5031,'Lokeswaram',606),
	(2512,'Lonar',256),
	(2917,'Longchem',312),
	(2924,'Longching',313),
	(902,'Longding Circle',46),
	(854,'Longding Koling Circle',41),
	(2953,'Longkhim',316),
	(2911,'Longleng',311),
	(2954,'Longmatra',316),
	(2925,'Longshen',313),
	(4911,'Lormi',590),
	(2968,'Lotsu',317),
	(4153,'Lucknow',487),
	(3415,'Ludhiana (East)',360),
	(3416,'Ludhiana (West)',360),
	(894,'Lumla Circle',45),
	(1633,'Lunawada',105),
	(4993,'Lundra',605),
	(2882,'Lunglei',304),
	(2883,'Lungsen',304),
	(3614,'Luni',391),
	(3517,'Lunkaransar',377),
	(5032,'Luxettipet',606),
	(5343,'M.Turkapalle',613),
	(3243,'M.V. 79',339),
	(5394,'Machareddy',614),
	(263,'Machavaram',5),
	(264,'Macherla',5),
	(3234,'Machh kund',338),
	(4115,'Machhlishahr',477),
	(2803,'Machi Sub-Division',285),
	(320,'Machilipatnam',6),
	(33,'Madakasira',1),
	(85,'Madanapalle',2),
	(981,'Madanpur',53),
	(3162,'Madanpur Rampur',333),
	(4414,'Madarihat',520),
	(3856,'Madathukulam',430),
	(377,'Maddikera (East)',7),
	(474,'Maddipadu',9),
	(2071,'Maddur',182),
	(5245,'Maddur',611),
	(5437,'Maddur',615),
	(5246,'Madgul',611),
	(2746,'Madha',279),
	(3862,'Madhavaram',431),
	(1228,'Madhepur',71),
	(1208,'Madhepura',70),
	(5187,'Madhira',610),
	(4110,'Madhogarh **',476),
	(1085,'Madhuban',60),
	(4170,'Madhuban **',492),
	(1229,'Madhubani',71),
	(1481,'Madhubani',88),
	(2104,'Madhugiri',187),
	(4713,'Madhupur',566),
	(1230,'Madhwapur',71),
	(2058,'Madikeri',179),
	(5395,'Madnoor',614),
	(562,'Madugula',11),
	(3761,'Madurai East',417),
	(3762,'Madurai North',417),
	(3763,'Madurai South',417),
	(3742,'Maduranthakam',413),
	(2091,'Magadi',185),
	(5247,'Maganoor',611),
	(4550,'Magrahat - I',528),
	(4551,'Magrahat - II',528),
	(2729,'Mahabaleshwar',277),
	(5438,'Mahabubabad',615),
	(2694,'Mahad',274),
	(5134,'Mahadevpur',609),
	(4773,'Mahagama',572),
	(2789,'Mahagaon',283),
	(3183,'Mahakalapada',335),
	(1769,'Maham',130),
	(378,'Mahanandi',7),
	(3077,'Mahanga',325),
	(1438,'Maharajganj',85),
	(4156,'Maharajganj',488),
	(4199,'Maharajganj',499),
	(4962,'Mahasamund',600),
	(3989,'Mahasi **',449),
	(5248,'Mahbubnagar',611),
	(1759,'Mahendragarh',126),
	(1610,'Mahesana',101),
	(4829,'Maheshpur',580),
	(2443,'Maheshwar',249),
	(5082,'Maheswaram',608),
	(2425,'Mahidpur',246),
	(4357,'Mahisadal',517),
	(1351,'Mahishi',79),
	(794,'Mahmora',34),
	(4232,'Mahmudabad',507),
	(1465,'Mahnar',87),
	(4162,'Mahoba',489),
	(2633,'Mahoor',268),
	(4150,'Mahroni',486),
	(1466,'Mahua',87),
	(4819,'MAHUADANR',578),
	(1601,'Mahudha',100),
	(3266,'Mahuldiha',340),
	(3366,'Mahulpada',348),
	(3336,'Mahulpalli',346),
	(789,'Mahur',33),
	(1546,'Mahuva',94),
	(1674,'Mahuva',110),
	(3548,'Mahwa',381),
	(790,'Maibong',33),
	(2368,'Maihar',237),
	(1482,'Mainatanr',88),
	(4165,'Mainpuri',490),
	(2863,'Mairang',299),
	(1439,'Mairwa',85),
	(686,'Majbat',17),
	(1483,'Majhaulia',88),
	(4897,'Majhgaon',587),
	(4753,'Majhiaon',570),
	(2412,'Majholi',244),
	(1417,'Majorganj',84),
	(727,'Majuli',24),
	(563,'Makavarapalem',11),
	(1389,'Maker',81),
	(1152,'Makhdumpur',64),
	(604,'Makkuva',12),
	(5396,'Makloor',614),
	(3634,'Makrana',394),
	(5249,'Makthal',611),
	(4415,'Mal',520),
	(3660,'Malarna Doongar',397),
	(2072,'Malavalli',182),
	(4432,'Maldah (Old)',522),
	(5250,'Maldakal',611),
	(2651,'Malegaon',270),
	(2777,'Malegaon',282),
	(3442,'Malerkotla',368),
	(2310,'Malhargarh',227),
	(5135,'Malharrao',609),
	(1577,'Malia',98),
	(4154,'Malihabad',487),
	(209,'Malikipuram',4),
	(1616,'Maliya',102),
	(5083,'Malkajgiri',608),
	(3244,'Malkangiri',339),
	(2513,'Malkapur',256),
	(4937,'Malkharoda',594),
	(2172,'Mallappally',200),
	(5136,'Mallapur',609),
	(5137,'Mallial',609),
	(3427,'Malout',363),
	(1664,'Malpur',109),
	(3674,'Malpura',400),
	(2747,'Malshiras',279),
	(2063,'Malur',180),
	(2739,'Malwan',278),
	(3704,'Mambalam - Guindy',407),
	(5033,'Mamda',606),
	(210,'Mamidikuduru',4),
	(2730,'Man',277),
	(3835,'Manachanallur',428),
	(5138,'Manakondur',609),
	(1829,'Manali(T)',139),
	(3818,'Manamadurai',425),
	(3796,'Manamelkudi',422),
	(3063,'Manamunda',324),
	(2184,'Mananthavady',203),
	(3836,'Manapparai',428),
	(2325,'Manasa',230),
	(4839,'Manatu',581),
	(1578,'Manavadar',98),
	(2253,'Manawar',215),
	(4520,'Manbazar - I',527),
	(4521,'Manbazar - II',527),
	(5084,'Manchal',608),
	(869,'Manchal Circle',42),
	(5034,'Mancherial',606),
	(3946,'Mandai',441),
	(1498,'Mandal',89),
	(3508,'Mandal',376),
	(3509,'Mandalgarh',376),
	(5035,'Mandamarri',606),
	(2711,'Mandangad',275),
	(211,'Mandapeta',4),
	(4855,'Mandar',583),
	(518,'Mandasa',10),
	(321,'Mandavalli',6),
	(3465,'Mandawar',371),
	(1844,'Mandi(T)',141),
	(4552,'Mandirbazar',528),
	(2305,'Mandla',226),
	(3620,'Mandrail',392),
	(4866,'Mandro',584),
	(2311,'Mandsaur',227),
	(4845,'Mandu',582),
	(1593,'Mandvi',99),
	(1675,'Mandvi',110),
	(2073,'Mandya',182),
	(4959,'Manendragarh',599),
	(1306,'Maner',76),
	(265,'Mangalagiri',5),
	(687,'Mangaldoi',17),
	(2014,'Mangalore',172),
	(3144,'Mangalpur',331),
	(2748,'Mangalvedhe',279),
	(3694,'Mangan',403),
	(2695,'Mangaon',274),
	(5439,'Mangapet',615),
	(2918,'Mangkolemba',312),
	(4293,'Mangolkote',513),
	(1579,'Mangrol',98),
	(1676,'Mangrol',110),
	(3481,'Mangrol',373),
	(2778,'Mangrulpir',282),
	(1070,'Manigachhi',59),
	(1176,'Manihari',66),
	(4820,'MANIKA',578),
	(4433,'Manikchak',522),
	(1132,'Manjha',62),
	(4138,'Manjhanpur',483),
	(4898,'Manjhari',587),
	(1390,'Manjhi',81),
	(2495,'Manjlegaon',254),
	(702,'Mankachar',19),
	(4086,'Mankapur',471),
	(815,'Manmao Circle',37),
	(4625,'Mannadipet Commune Panchayat',542),
	(3876,'Mannargudi',433),
	(2167,'Mannarkad',199),
	(3602,'Manohar Thana',389),
	(4899,'Manoharpur',587),
	(5290,'Manoor',612),
	(5251,'Manopad',611),
	(2779,'Manora',282),
	(1115,'Manpur',61),
	(4989,'Manpur',604),
	(1562,'Mansa',96),
	(3421,'Mansa',361),
	(1177,'Mansahi',66),
	(1185,'Mansi',67),
	(1008,'Mansurchak',55),
	(4294,'Manteswar',513),
	(2584,'Mantha',263),
	(5139,'Manthani',609),
	(379,'Mantralayam',7),
	(3917,'Manu',438),
	(425,'Manubolu',8),
	(5188,'Manuguru',610),
	(2086,'Manvi',184),
	(2670,'Manwath',272),
	(2818,'Mao-Maram Sub-Division',289),
	(1449,'Marauna',86),
	(5062,'Maredpalle',607),
	(212,'Maredumilli',4),
	(2790,'Maregaon',283),
	(806,'Margherita',36),
	(1391,'Marhaura',81),
	(4116,'Mariahu',477),
	(767,'Marigaon',30),
	(4178,'Marihan',494),
	(5440,'Maripeda',615),
	(911,'Mariyang Circle',47),
	(4812,'Markacho',577),
	(475,'Markapur',9),
	(5085,'Marpalle',608),
	(5344,'Marriguda',613),
	(426,'Marripadu',8),
	(476,'Marripudi',9),
	(477,'Martur',9),
	(1252,'Marwan',73),
	(3642,'Marwar Junction',395),
	(4731,'Masalia',568),
	(1307,'Masaurhi',76),
	(1392,'Mashrakh',81),
	(4912,'Masturi',590),
	(3454,'Masuda',370),
	(4167,'Mat',491),
	(1602,'Matar',100),
	(3933,'Matarbari',440),
	(4329,'Mathabhanga - I',515),
	(4330,'Mathabhanga - II',515),
	(3245,'Mathili',339),
	(4168,'Mathura',491),
	(4553,'Mathurapur - I',528),
	(4554,'Mathurapur - II',528),
	(714,'Matia',21),
	(4416,'Matiali',520),
	(4343,'Matigara',516),
	(1009,'Matihani',55),
	(5345,'Mattam Palle',613),
	(4041,'Mau',460),
	(2615,'Mauda',267),
	(4096,'Maudaha',473),
	(2354,'Mauganj',235),
	(4171,'Maunath Bhanjan',492),
	(4120,'Mauranipur',478),
	(2129,'Mavelikkara',190),
	(3686,'Mavli',401),
	(2685,'Mawal',273),
	(4173,'Mawana',493),
	(2840,'Mawkynrew',294),
	(2864,'Mawkyrwat',299),
	(2841,'Mawphlang',294),
	(2842,'Mawryngkneng',294),
	(2865,'Mawshynrut',299),
	(2843,'Mawsynram',294),
	(4639,'Mayabunder',549),
	(3771,'Mayiladuthurai',418),
	(4417,'Maynaguri',520),
	(768,'Mayong',30),
	(4310,'Mayureswar - I',514),
	(4311,'Mayureswar - II',514),
	(843,'Mebo Circle',40),
	(950,'Mechuka Circle',50),
	(5291,'Medak',612),
	(5086,'Medchal',608),
	(266,'Medikonduru',5),
	(5140,'Medipalle',609),
	(2897,'Medziphema',308),
	(2154,'Meenachil',196),
	(4014,'Meerganj',454),
	(4174,'Meerut',493),
	(2296,'Meghnagar',224),
	(1665,'Meghraj',109),
	(4215,'Mehdawal **',502),
	(4774,'Meherma',572),
	(2211,'Mehgaon',208),
	(2514,'Mehkar',256),
	(1603,'Mehmedabad',100),
	(3980,'Mehnagar **',447),
	(1086,'Mehsi',60),
	(3968,'Meja',444),
	(4263,'Mejhia',512),
	(4331,'Mekliganj',515),
	(3947,'Melaghar',441),
	(3044,'Melchhamunda',322),
	(519,'Meliaputti',10),
	(5346,'Mella Cheruvu',613),
	(3764,'Melur',417),
	(2943,'Meluri',315),
	(4295,'Memari - I',513),
	(4296,'Memari - II',513),
	(1580,'Mendarda',98),
	(1929,'Mendhar',156),
	(888,'Mengio Circle',44),
	(605,'Mentada',12),
	(606,'Merakamudidam',12),
	(4754,'Meral (Pipra Kalan)',570),
	(3635,'Merta',394),
	(1284,'Meskaur',75),
	(5141,'Metpalle',609),
	(3710,'Mettupalayam',408),
	(3809,'Mettur',424),
	(2696,'Mhasla',274),
	(2286,'Mhow',222),
	(816,'Miao Circle',37),
	(5252,'Midjil',611),
	(4589,'Midnapore',530),
	(380,'Midthur',7),
	(912,'Migging Circle',47),
	(2212,'Mihona',208),
	(769,'Mikirbheta',30),
	(4205,'Milak',500),
	(4059,'Milkipur **',464),
	(4496,'Minakhan',525),
	(1253,'Minapur',73),
	(4631,'Minicoy',543),
	(828,'Mipi Circle',38),
	(2719,'Miraj',276),
	(5292,'Mirdoddi',612),
	(4344,'Mirik',516),
	(5347,'Miryalaguda',613),
	(4179,'Mirzapur',494),
	(4233,'Misrikh',507),
	(971,'Modanganj',52),
	(1666,'Modasa',109),
	(4078,'Modinagar',469),
	(3424,'Moga',362),
	(640,'Mogalthur',13),
	(5441,'Mogullapalle',615),
	(2503,'Mohadi',255),
	(4312,'Mohammad Bazar',514),
	(4081,'Mohammadabad',470),
	(4143,'Mohammdi',484),
	(3100,'Mohana',328),
	(1160,'Mohania',65),
	(4155,'Mohanlalganj',487),
	(1116,'Mohanpur',61),
	(1365,'Mohanpur',80),
	(3948,'Mohanpur',441),
	(4358,'Mohanpur',517),
	(4714,'Mohanpur',566),
	(1366,'Mohiuddinagar',80),
	(4990,'Mohla',604),
	(2749,'Mohol',279),
	(5087,'Moinabad',608),
	(2799,'Moirang Sub-Division',284),
	(1308,'Mokameh',76),
	(2759,'Mokhada',280),
	(2011,'Molakalmuru',171),
	(2393,'Moman Badodiya',241),
	(5088,'Mominpet',608),
	(2926,'Mon Sadar',313),
	(951,'Monigong Circle',50),
	(2927,'Monyakshu',313),
	(3443,'Moonak',368),
	(322,'Mopidevi',6),
	(2928,'Mopong',313),
	(4182,'Moradabad',495),
	(707,'Moran',20),
	(1822,'Morang(T)',138),
	(2316,'Morena',228),
	(4614,'Mormugao',540),
	(2476,'Morshi',252),
	(5397,'Mortad',614),
	(1367,'Morwa',80),
	(1634,'Morwa (Hadaf)',105),
	(2515,'Motala',256),
	(4121,'Moth',478),
	(5348,'Mothey',613),
	(5349,'Mothkur',613),
	(1087,'Motihari',60),
	(3246,'Motu',339),
	(3093,'Motunga',327),
	(323,'Movva',6),
	(4359,'Moyna',517),
	(152,'Muddanur',3),
	(1987,'Muddebihal',167),
	(1954,'Mudhol',161),
	(5036,'Mudhole',606),
	(1996,'Mudigere',169),
	(5189,'Mudigonda',610),
	(34,'Mudigubba',1),
	(324,'Mudinepalle',6),
	(2634,'Mudkhed',268),
	(3801,'Mudukulathur',423),
	(3247,'Mudulipada',339),
	(4172,'Muhammadabad Gohna',492),
	(1117,'Muhra',61),
	(3403,'Mukerian',357),
	(2635,'Mukhed',268),
	(2573,'Muktainagar (Edlabad)',262),
	(895,'Mukto Circle',45),
	(3428,'Muktsar',363),
	(2181,'Mukundapuram',202),
	(2527,'Mul',257),
	(86,'Mulakalacheruvu',2),
	(2064,'Mulbagal',180),
	(2548,'Mulchera',259),
	(1693,'Muli',111),
	(5190,'Mulkalapalle',610),
	(2686,'Mulshi',273),
	(2205,'Multai',207),
	(1814,'Multhan(S.T)',137),
	(5293,'Mulug',612),
	(5442,'Mulug',615),
	(2608,'Mumbai',266),
	(213,'Mummidivaram',4),
	(5350,'Munagala',613),
	(564,'Munagapaka',11),
	(565,'Munchingi Puttu',11),
	(2029,'Mundargi',175),
	(2119,'Mundgod',189),
	(478,'Mundlamuru',9),
	(1594,'Mundra',99),
	(2269,'Mungaoli',218),
	(4913,'Mungeli',590),
	(1239,'Munger',72),
	(3319,'Muniguda',345),
	(5294,'Munpalle',612),
	(4675,'Munsiari',559),
	(5351,'Munugode',613),
	(267,'Muppalla',5),
	(4313,'Murarai - I',514),
	(4314,'Murarai - II',514),
	(2760,'Murbad',280),
	(4807,'Murhu',576),
	(1209,'Murliganj',70),
	(4451,'Murshidabad Jiaganj',523),
	(2463,'Murtijapur',251),
	(2697,'Murud',274),
	(3267,'Muruda',340),
	(2302,'Murwara',225),
	(4742,'Musabani',569),
	(4243,'Musafirkhana',509),
	(1254,'Musahri',73),
	(5063,'Musheerabad',607),
	(3837,'Musiri',428),
	(5142,'Mustabad',609),
	(325,'Musunuru',6),
	(5143,'Mutharam (Mahadevpur)',609),
	(5144,'Mutharam (Manthani)',609),
	(427,'Muthukur',8),
	(2135,'Muvattupuzha',191),
	(4188,'Muzaffarnagar',496),
	(3705,'Mylapore - Triplicane',407),
	(153,'Mylavaram',3),
	(326,'Mylavaram',6),
	(2844,'Mylliem',294),
	(2080,'Mysuru',183),
	(2997,'N.T.P.C.',319),
	(803,'Na-Duar',35),
	(4472,'Nabadwip',524),
	(4452,'Nabagram',523),
	(3282,'Nabarangapur',341),
	(3433,'Nabha',366),
	(982,'Nabinagar',53),
	(922,'Nacho Circle',48),
	(1799,'Nadaun(T)',136),
	(3496,'Nadbai',375),
	(268,'Nadendla',5),
	(1604,'Nadiad',100),
	(5352,'Nadigudem',613),
	(3621,'Nadoti',392),
	(934,'Nafra Circle',49),
	(87,'Nagalapuram',2),
	(2074,'Nagamangala',182),
	(775,'Nagaon',31),
	(3772,'Nagapattinam',418),
	(2449,'Nagar',250),
	(3497,'Nagar',375),
	(1271,'Nagar Nausa',74),
	(4755,'Nagar Untari',570),
	(269,'Nagaram',5),
	(739,'Nagarbera',25),
	(5398,'Nagareddipet',614),
	(88,'Nagari',2),
	(5253,'Nagarkurnool',611),
	(3636,'Nagaur',394),
	(327,'Nagayalanka',6),
	(2528,'Nagbhir',257),
	(2426,'Nagda',246),
	(4022,'Nagina',456),
	(2929,'Naginimora',313),
	(2369,'Nagod',237),
	(2616,'Nagpur (Rural)',267),
	(2617,'Nagpur (Urban)',267),
	(1393,'Nagra',81),
	(4418,'Nagrakata',520),
	(4921,'Nagri',592),
	(479,'Naguluppala Padu',9),
	(1870,'Nahan(T)',143),
	(708,'Naharkatiya',20),
	(889,'Naharlagun Circle',44),
	(428,'Naidupet',8),
	(2636,'Naigaon (Khairgaon)',268),
	(3057,'Naikanidihi',323),
	(1784,'Naina Devi(S.T)',134),
	(4665,'Nainital',557),
	(2306,'Nainpur',226),
	(3524,'Nainwa',378),
	(4605,'Najafgarh',537),
	(4023,'Najibabad',456),
	(4473,'Nakashipara',524),
	(1595,'Nakhatrana',99),
	(566,'Nakkapalle',11),
	(3406,'Nakodar',358),
	(5353,'Nakrekal',613),
	(3337,'Naktideul',346),
	(4211,'Nakur',501),
	(4801,'Nala',575),
	(1882,'Nalagarh(T)',144),
	(784,'Nalbari',32),
	(2998,'NALCO',319),
	(5354,'Nalgonda',613),
	(4315,'Nalhati - I',514),
	(4316,'Nalhati - II',514),
	(2394,'Nalkheda',241),
	(5443,'Nallabelly',615),
	(35,'Nallacheruvu',1),
	(641,'Nallajerla',13),
	(36,'Nallamada',1),
	(3777,'Namakkal',419),
	(2800,'Nambol Sub-Division',284),
	(37,'Nambulipulikunta',1),
	(3695,'Namchi',404),
	(4555,'Namkhana',528),
	(4856,'Namkum',583),
	(5355,'Nampalle',613),
	(5064,'Nampally',607),
	(817,'Nampong Circle',37),
	(870,'Namsai Circle',42),
	(903,'Namsang Circle',46),
	(818,'Namtok Circle',37),
	(4637,'Nancowry',548),
	(4360,'Nandakumar',517),
	(154,'Nandalur',3),
	(3235,'Nandapur',338),
	(381,'Nandavaram',7),
	(2637,'Nanded',268),
	(2652,'Nandgaon',270),
	(2477,'Nandgaon-Khandeshwar',252),
	(520,'Nandigam',10),
	(328,'Nandigama',6),
	(4361,'Nandigram-I',517),
	(4362,'Nandigram-II',517),
	(4363,'Nandigram-III',517),
	(382,'Nandikotkur',7),
	(3200,'Nandipada',336),
	(5399,'Nandipet',614),
	(329,'Nandivada',6),
	(1618,'Nandod',103),
	(2516,'Nandura',256),
	(2641,'Nandurbar',269),
	(383,'Nandyal',7),
	(5295,'Nangnoor',612),
	(3844,'Nanguneri',429),
	(2081,'Nanjangud',183),
	(1859,'Nankhari(S.T)',142),
	(3877,'Nannilam',433),
	(4317,'Nanoor',514),
	(3990,'Nanpara',449),
	(1418,'Nanpur',84),
	(761,'Naobaicha',29),
	(1010,'Naokothi',55),
	(1716,'Naraingarh',115),
	(4003,'Naraini',452),
	(3163,'Narala',333),
	(521,'Narasannapeta',10),
	(642,'Narasapuram',13),
	(270,'Narasaraopet',5),
	(1997,'Narasimharajapura',169),
	(3078,'Narasinghpur',325),
	(5356,'Narayanapur',613),
	(89,'Narayanavanam',2),
	(4590,'Narayangarh',530),
	(5296,'Narayankhed',612),
	(3236,'Narayanpatana',338),
	(5254,'Narayanpet',611),
	(762,'Narayanpur',29),
	(1021,'Narayanpur',56),
	(4802,'Narayanpur',575),
	(4964,'Narayanpur',601),
	(1285,'Nardiganj',75),
	(4597,'Narela',532),
	(4681,'Narendranagar',561),
	(2030,'Nargund',175),
	(4949,'Narharpur',596),
	(1286,'Narhat',75),
	(844,'Nari Circle',40),
	(1088,'Narkatia',60),
	(1484,'Narkatiaganj',88),
	(5357,'Narketpalle',613),
	(2618,'Narkhed',267),
	(5444,'Narmetta',615),
	(1760,'Narnaul',126),
	(1741,'Narnaund',120),
	(5037,'Narnoor',606),
	(38,'Narpala',1),
	(963,'Narpatganj',51),
	(5445,'Narsampet',615),
	(5297,'Narsapur',612),
	(2322,'Narsimhapur',229),
	(5446,'Narsimhulapet',615),
	(2342,'Narsinghgarh',233),
	(567,'Narsipatnam',11),
	(5255,'Narva',611),
	(1747,'Narwana',122),
	(2404,'Narwar',243),
	(2653,'Nashik',270),
	(3455,'Nasirabad',370),
	(1339,'Nasriganj',78),
	(2377,'Nasrullaganj',238),
	(1702,'Nasvadi',113),
	(2434,'Nateran',248),
	(3728,'Natham',411),
	(568,'Nathavaram',11),
	(3652,'Nathdwara',396),
	(1022,'Nathnagar',56),
	(1309,'Naubatpur',76),
	(1023,'Naugachhia',56),
	(3133,'Naugaon',330),
	(4228,'Naugarh',506),
	(1340,'Nauhatta',78),
	(1352,'Nauhatta',79),
	(1440,'Nautan',85),
	(1485,'Nautan',88),
	(4157,'Nautanwa',488),
	(2027,'Navalgund',174),
	(5400,'Navipet',614),
	(1625,'Navsari',104),
	(3637,'Nawa',394),
	(4006,'Nawabganj',453),
	(4015,'Nawabganj',454),
	(5089,'Nawabpet',608),
	(5256,'Nawabpet',611),
	(1287,'Nawada',75),
	(4698,'Nawadih',564),
	(4929,'Nawagarh',593),
	(4938,'Nawagarh',594),
	(3609,'Nawalgarh',390),
	(1052,'Nawanagar',58),
	(3430,'Nawanshahr',364),
	(2642,'Nawapur',269),
	(4453,'Nawda',523),
	(4345,'Naxalbari',516),
	(3291,'Nayagarh',342),
	(4364,'Nayagram',517),
	(3201,'Nayakote',336),
	(795,'Nazira',34),
	(2176,'Nedumangad',201),
	(4619,'Nedungadu Commune Panchayat',541),
	(3878,'Needamangalam',433),
	(1118,'Neem Chak Bathani',61),
	(3665,'Neem-Ka-Thana',398),
	(2326,'Neemuch',230),
	(271,'Nekarikallu',5),
	(5447,'Nekkonda',615),
	(5191,'Nelakondapalle',610),
	(1961,'Nelamangala',163),
	(5448,'Nellikudur',615),
	(607,'Nellimarla',12),
	(429,'Nellore',8),
	(5038,'Nennal',606),
	(2260,'Nepanagar',217),
	(2791,'Ner',283),
	(5039,'Neradigonda',606),
	(4620,'Neravy Commune Panchayat',541),
	(5358,'Neredcherla',613),
	(1830,'Nermand(T)',139),
	(1860,'Nerua(S.T)',142),
	(4626,'Nettapakkam Commune Panchayat',542),
	(4522,'Neturia',527),
	(2450,'Nevasa',250),
	(845,'New Seren Circle',40),
	(2177,'Neyyattinkara',201),
	(2876,'Ngopa',301),
	(3079,'Niali',325),
	(1823,'Nichar(T)',138),
	(4158,'Nichlaul',488),
	(643,'Nidadavole',13),
	(5359,'Nidamanur',613),
	(644,'Nidamarru',13),
	(4144,'Nighasan',484),
	(3425,'Nihal Singhwala',362),
	(2898,'Nihokhu',308),
	(1845,'Nihri(S.T)',141),
	(3026,'Nilagiri',321),
	(3729,'Nilakkottai',411),
	(750,'Nilambazar',27),
	(2160,'Nilambur',198),
	(2604,'Nilanga',265),
	(1755,'Nilokheri',124),
	(3309,'Nimapada',344),
	(3534,'Nimbahera',379),
	(4877,'Nimdih',585),
	(90,'Nimmanapalle',2),
	(91,'Nindra',2),
	(2654,'Niphad',270),
	(5040,'Nirmal',606),
	(1450,'Nirmali',86),
	(4723,'Nirsa-Cum-Chirkunda',567),
	(2899,'Niuland',308),
	(3675,'Niwai',400),
	(2197,'Niwali',206),
	(2418,'Niwari',245),
	(2307,'Niwas',226),
	(5401,'Nizamabad',614),
	(3981,'Nizamabad **',447),
	(272,'Nizampatnam',5),
	(5402,'Nizamsagar',614),
	(1677,'Nizar',110),
	(4900,'Noamundi (Barajamda)',587),
	(3570,'Nohar',385),
	(1871,'Nohra(S.T)',143),
	(1341,'Nokha',78),
	(3518,'Nokha',377),
	(2955,'Noklak',316),
	(2956,'Noksen',316),
	(2866,'Nongstoin',299),
	(1272,'Noorsarai',74),
	(740,'North Guwahati',25),
	(763,'North Lakhimpur',29),
	(2877,'North Thingdawl',302),
	(2221,'Nowgong',210),
	(1937,'Nowshehra',158),
	(2908,'Nsong',310),
	(3122,'Nuagaon',329),
	(3292,'Nuagaon',342),
	(1161,'Nuaon',65),
	(3300,'Nuapada',343),
	(1733,'Nuh',119),
	(2824,'Nungba Sub-Division',290),
	(1815,'Nurpur(T)',137),
	(5360,'Nuthankal',613),
	(273,'Nuzendla',5),
	(330,'Nuzvid',6),
	(5298,'Nyalkal',612),
	(855,'Nyapin Circle',41),
	(983,'Obra',53),
	(39,'Obuladevaracheruvu',1),
	(155,'Obulavaripalle',3),
	(3293,'Odagaon',342),
	(3730,'Oddanchatram',411),
	(5145,'Odela',609),
	(430,'Ojili',8),
	(1572,'Okhamandal',97),
	(1678,'Olpad',110),
	(3810,'Omalur',424),
	(4264,'Onda',512),
	(4297,'Ondal',513),
	(480,'Ongole',9),
	(2919,'Ongpangkong',312),
	(4111,'Orai',476),
	(3822,'Orathanadu',426),
	(3153,'Orient',332),
	(3248,'Orkel',339),
	(4857,'Ormanjhi',583),
	(384,'Orvakal',7),
	(3615,'Osian',391),
	(2663,'Osmanabad',271),
	(3884,'Ottapidaram',434),
	(2168,'Ottappalam',199),
	(3027,'Oupada',321),
	(385,'Owk',7),
	(214,'P.Gannavaram',4),
	(1133,'Pach Deuri',62),
	(1872,'Pachhad(T)',143),
	(785,'Pachim Nalbari',32),
	(608,'Pachipenta',12),
	(2574,'Pachora',262),
	(3487,'Pachpadra',374),
	(3603,'Pachpahar',389),
	(1441,'Pachrukhi',85),
	(3563,'Padampur',384),
	(1655,'Paddhari',108),
	(569,'Paderu',11),
	(1846,'Padhar(T)',141),
	(4798,'Padma',574),
	(3949,'Padmabil',441),
	(570,'Padmanabham',11),
	(3045,'Padmapur',322),
	(3320,'Padmapur',345),
	(1703,'Padra',113),
	(4147,'Padrauna',485),
	(3237,'Padua',338),
	(386,'Pagidyala',7),
	(1894,'Pahalgam',146),
	(3498,'Pahari',375),
	(1089,'Paharpur',60),
	(3046,'Paikamal',322),
	(2484,'Paithan',253),
	(92,'Pakala',2),
	(4830,'Pakaur',580),
	(4950,'Pakhanjur',596),
	(834,'Pakke Kessang Circle',39),
	(1090,'Pakri Dayal',60),
	(1288,'Pakribarawan',75),
	(4831,'Pakuria',580),
	(3691,'Pakyong',402),
	(4994,'Pal',605),
	(645,'Palacoderu',13),
	(646,'Palacole',13),
	(2169,'Palakkad',199),
	(3723,'Palakkodu',410),
	(522,'Palakonda',10),
	(5449,'Palakurthi',615),
	(2999,'Palalahada',319),
	(2671,'Palam',272),
	(93,'Palamaner',2),
	(1816,'Palampur(T)',137),
	(3731,'Palani',411),
	(1529,'Palanpur',92),
	(4979,'Palari',603),
	(523,'Palasa',10),
	(94,'Palasamudram',2),
	(741,'Palasbari',25),
	(964,'Palasi',51),
	(3845,'Palayamkottai',429),
	(2419,'Palera',245),
	(2761,'Palghar',280),
	(3643,'Pali',395),
	(4956,'Pali',598),
	(1310,'Paliganj',76),
	(856,'Palin Circle',41),
	(1547,'Palitana',94),
	(4784,'Palkot',573),
	(3857,'Palladam',430),
	(913,'Palling Circle',47),
	(3863,'Pallipattu',431),
	(4715,'Palojori',566),
	(1679,'Palsana',110),
	(2720,'Palus',276),
	(1727,'Palwal',117),
	(5192,'Palwancha',610),
	(215,'Pamarru',4),
	(331,'Pamarru',6),
	(4939,'Pamgarh',594),
	(40,'Pamidi',1),
	(332,'Pamidimukkala',6),
	(1931,'Pampore',157),
	(387,'Pamulapadu',7),
	(481,'Pamur',9),
	(1394,'Panapur',81),
	(1762,'Panchkula',127),
	(4400,'Panchla',519),
	(4298,'Pandabeswar',513),
	(3202,'Pandapara',336),
	(1311,'Pandarak',76),
	(4952,'Pandariya',597),
	(1231,'Pandaul',71),
	(2075,'Pandavapura',182),
	(2261,'Pandhana',217),
	(2750,'Pandharpur',279),
	(2228,'Pandhurna',211),
	(4840,'Pandu',581),
	(4387,'Pandua',518),
	(5257,'Pangal',611),
	(904,'Pangchao Circle',46),
	(1792,'Pangi(T)',135),
	(846,'Pangin Circle',40),
	(2594,'Panhala',264),
	(1764,'Panipat',128),
	(3925,'Panisagar',439),
	(4841,'Panki',581),
	(2329,'Panna',231),
	(3718,'Panruti',409),
	(2198,'Pansemal',206),
	(4365,'Panskura-I',517),
	(4366,'Panskura-II',517),
	(2957,'Panso',316),
	(3785,'Panthalur',420),
	(2698,'Panvel',274),
	(388,'Panyam',7),
	(2819,'Paomata Sub-Division',289),
	(1873,'Paonta Sahib(T)',143),
	(3823,'Papanasam',426),
	(5299,'Papannapet',612),
	(3283,'Paparahandi',341),
	(3724,'Pappireddipatti',410),
	(4523,'Para',527),
	(3134,'Paradip',330),
	(1119,'Paraiya',61),
	(3094,'Parajang',327),
	(3802,'Paramakudi',423),
	(3778,'Paramathi-Velur',419),
	(2664,'Paranda',271),
	(1968,'Parasgad',164),
	(2229,'Parasia',211),
	(571,'Paravada',11),
	(2136,'Paravur',191),
	(1273,'Parbalpur',74),
	(3638,'Parbatsar',394),
	(1186,'Parbatta',67),
	(2672,'Parbhani',272),
	(482,'Parchur',9),
	(1711,'Pardi',114),
	(5090,'Pargi',608),
	(41,'Parigi',1),
	(1419,'Parihar',84),
	(5450,'Parkal',615),
	(3101,'Parlakhemundi',328),
	(2496,'Parli',254),
	(2451,'Parner',250),
	(2575,'Parola',262),
	(1255,'Paroo',73),
	(1395,'Parsa',81),
	(1420,'Parsauni',84),
	(2619,'Parseoni',267),
	(857,'Parsi-Parlo Circle',41),
	(2585,'Partur',263),
	(5451,'Parvathagiri',615),
	(609,'Parvathipuram',12),
	(847,'Pasighat Circle',40),
	(1091,'Patahi',60),
	(4743,'Patamda',569),
	(1639,'Patan',106),
	(2290,'Patan',223),
	(2731,'Patan',277),
	(4842,'Patan',581),
	(4930,'Patan',593),
	(1581,'Patan-Veraval',98),
	(3203,'Patana',336),
	(5300,'Patancheru',612),
	(3123,'Patapur',329),
	(1353,'Patarghat',79),
	(1734,'Pataudi',119),
	(1467,'Patepur',87),
	(2236,'Patera',212),
	(1468,'Paterhi Belsar',87),
	(4944,'Pathalgaon',595),
	(4706,'Pathalgora',565),
	(2150,'Pathanapuram',195),
	(3431,'Pathankot',365),
	(524,'Pathapatnam',10),
	(2452,'Pathardi',250),
	(4775,'Pathargama',572),
	(2237,'Patharia',212),
	(751,'Patharkandi',27),
	(4556,'Patharpratima',528),
	(4867,'Pathna',584),
	(688,'Pathorighat',17),
	(2673,'Pathri',272),
	(3434,'Patiala',366),
	(4051,'Patiyali',462),
	(3184,'Patkura',335),
	(1312,'Patna Rural',76),
	(3011,'Patnagarh',320),
	(2497,'Patoda',254),
	(1368,'Patori',80),
	(4265,'Patrasayer',512),
	(4846,'Patrau',582),
	(2816,'Patsoi Sub-Division',288),
	(3185,'Pattamundai',335),
	(1900,'Pattan',148),
	(3447,'Patti',369),
	(4195,'Patti',498),
	(389,'Pattikonda',7),
	(3824,'Pattukkottai',426),
	(2464,'Patur',251),
	(2504,'Pauni',255),
	(4669,'Pauri',558),
	(2105,'Pavagada',187),
	(2330,'Pawai',231),
	(4224,'Payagpur **',505),
	(572,'Payakaraopeta',11),
	(3417,'Payal',360),
	(923,'Payeng Circle',48),
	(952,'Payum Circle',50),
	(390,'Peapally',7),
	(5258,'Pebbair',611),
	(483,'Peda Araveedu',9),
	(573,'Peda Bayalu',11),
	(484,'Pedacherlo Palle',9),
	(574,'Pedagantyada',11),
	(274,'Pedakakani',5),
	(275,'Pedakurapadu',5),
	(333,'Pedana',6),
	(276,'Pedanandipadu',5),
	(647,'Pedapadu',13),
	(334,'Pedaparupudi',6),
	(216,'Pedapudi',4),
	(648,'Pedavegi',13),
	(5361,'Pedda Adiserla Palle',613),
	(391,'Pedda Kadubur',7),
	(95,'Pedda Thippasamudram',2),
	(5259,'Peddakothapalle',611),
	(5260,'Peddamandadi',611),
	(96,'Peddamandyam',2),
	(156,'Peddamudium',3),
	(5146,'Peddapalle',609),
	(97,'Peddapanjani',2),
	(42,'Peddapappur',1),
	(217,'Peddapuram',4),
	(43,'Peddavadugur',1),
	(5362,'Peddavoora',613),
	(5091,'Peddemul',608),
	(2936,'Pedi (Ngwalwa)',314),
	(3676,'Peeplu',400),
	(2138,'Peerumade',192),
	(3456,'Peesangan',370),
	(5147,'Pegadapalle',609),
	(1756,'Pehowa',125),
	(2655,'Peint',270),
	(431,'Pellakur',8),
	(2699,'Pen',274),
	(157,'Penagalur',3),
	(335,'Penamaluru',6),
	(3926,'Pencharthal',439),
	(158,'Pendlimarri',3),
	(4914,'Pendraroad',590),
	(575,'Pendurthi',11),
	(3725,'Pennagaram',410),
	(5363,'Penpahad',613),
	(649,'Pentapadu',13),
	(5193,'Penuballi',610),
	(336,'Penuganchiprolu',6),
	(650,'Penugonda',13),
	(44,'Penukonda',1),
	(651,'Penumantra',13),
	(98,'Penumuru',2),
	(3765,'Peraiyur',417),
	(3788,'Perambalur',421),
	(3706,'Perambur - Purasawakkam',407),
	(652,'Peravali',13),
	(3825,'Peravurani',426),
	(2937,'Peren',314),
	(2161,'Perinthalmanna',198),
	(3831,'Periyakulam',427),
	(4609,'Pernem',539),
	(3736,'Perundurai',412),
	(4699,'Peterbar',564),
	(1517,'Petlad',91),
	(2297,'Petlawad',224),
	(2944,'Pfutsero',315),
	(3583,'Phagi',386),
	(3411,'Phagwara',359),
	(3616,'Phalodi',391),
	(2732,'Phaltan',277),
	(4346,'Phansidewa',516),
	(4159,'Pharenda',488),
	(2945,'Phek Sadar',315),
	(1092,'Phenhara',60),
	(3407,'Phillaur',358),
	(277,'Phirangipuram',5),
	(3174,'Phiringia',334),
	(2946,'Phokhungri',315),
	(2930,'Phomching',313),
	(3175,'Phulabani',334),
	(3176,'Phulabani Town',334),
	(2485,'Phulambri',253),
	(3584,'Phulera (Hq.Sambhar)',386),
	(993,'Phulidumar',54),
	(2870,'Phullen',300),
	(746,'Phuloni',26),
	(1232,'Phulparas',71),
	(3969,'Phulpur',444),
	(3982,'Phulpur',447),
	(1313,'Phulwari',76),
	(1134,'Phulwaria',62),
	(2832,'Phungyar Phaisat Sub-Division',292),
	(99,'Pichatur',2),
	(2273,'Pichhore',219),
	(2405,'Pichhore',243),
	(953,'Pidi Circle',50),
	(278,'Piduguralla',5),
	(100,'Pileru',2),
	(3571,'Pilibanga',385),
	(4191,'Pilibhit',497),
	(5194,'Pinapaka',610),
	(4250,'Pindra **',511),
	(3669,'Pindwara',399),
	(4591,'Pingla',530),
	(3626,'Pipalda',393),
	(1197,'Pipariya',69),
	(2281,'Pipariya',221),
	(3310,'Pipili',344),
	(2348,'Piploda',234),
	(1451,'Pipra',86),
	(1093,'Piprakothi',60),
	(1406,'Piprarhi',83),
	(1486,'Piprasi',88),
	(835,'Pipu Circle',39),
	(3604,'Pirawa',389),
	(2082,'Piriyapatna',183),
	(1038,'Piro',57),
	(1024,'Pirpainti',56),
	(4769,'Pirtanr',571),
	(879,'Pistana Circle',43),
	(218,'Pithapuram',4),
	(4676,'Pithoragarh',559),
	(5403,'Pitlam',614),
	(279,'Pittalavanipalem',5),
	(871,'Piyong Circle',42),
	(5364,'Pochampalle',613),
	(3759,'Pochampalli',416),
	(432,'Podalakur',8),
	(485,'Podili',9),
	(653,'Poduru',13),
	(2406,'Pohari',243),
	(3590,'Pokaran',387),
	(4652,'Pokhari **',553),
	(2700,'Poladpur',274),
	(525,'Polaki',10),
	(654,'Polavaram',13),
	(4388,'Polba - Dadpur',518),
	(3711,'Pollachi',408),
	(3872,'Polur',432),
	(2529,'Pombhurna',257),
	(4610,'Ponda',539),
	(526,'Ponduru',10),
	(486,'Ponnaluru',9),
	(2162,'Ponnani',198),
	(3864,'Ponneri',431),
	(280,'Ponnur',5),
	(1824,'Poo(T)',138),
	(3519,'Poogal',377),
	(3865,'Poonamallee',431),
	(1646,'Porbandar',107),
	(4776,'Poreyahat',572),
	(2812,'Porompat Sub-Division',287),
	(2317,'Porsa',228),
	(4642,'Port Blair',550),
	(159,'Porumamilla',3),
	(4367,'Potashpur-I',517),
	(4368,'Potashpur-II',517),
	(1191,'Pothia',68),
	(4744,'Potka',569),
	(3238,'Pottangi',338),
	(4219,'Powayan',504),
	(1178,'Pranpur',66),
	(1667,'Prantij',109),
	(1452,'Pratapganj',86),
	(3535,'Pratapgarh',379),
	(4196,'Pratapgarh',498),
	(4682,'Pratapnagar',561),
	(4707,'Pratappur',565),
	(4995,'Pratappur',605),
	(219,'Prathipadu',4),
	(281,'Prathipadu',5),
	(2420,'Prithvipur',245),
	(160,'Proddatur',3),
	(924,'Puchi Geko Circle',48),
	(3797,'Pudukkottai',422),
	(5092,'Pudur',608),
	(2979,'Pughoboto',318),
	(101,'Pulicherla',2),
	(161,'Pulivendla',3),
	(5301,'Pulkal',612),
	(487,'Pullalacheruvu',9),
	(162,'Pullampeta',3),
	(1932,'Pulwama',157),
	(905,'Pumao Circle',46),
	(1735,'Punahana',119),
	(4524,'Puncha',527),
	(2687,'Pune City',273),
	(102,'Punganur',2),
	(2901,'Pungro',309),
	(1314,'Punpun',76),
	(1421,'Pupri',84),
	(1210,'Puraini',70),
	(2688,'Purandhar',273),
	(4192,'Puranpur',497),
	(4690,'Puraula',563),
	(4299,'Purbasthali - I',513),
	(4300,'Purbasthali - II',513),
	(2674,'Purna',272),
	(1407,'Purnahiya',83),
	(1327,'Purnia East',77),
	(4389,'Pursura',518),
	(2820,'Purul Sub-Division',289),
	(4525,'Purulia - I',527),
	(4526,'Purulia - II',527),
	(3064,'Puruna Katak',324),
	(3000,'Purunakot',319),
	(3124,'Purusottampur',329),
	(4247,'Purwa',510),
	(1369,'Pusa',80),
	(2792,'Pusad',283),
	(610,'Pusapatirega',12),
	(2189,'Pushparajgarh',204),
	(103,'Puthalapattu',2),
	(45,'Putlur',1),
	(46,'Puttaparthi',1),
	(3321,'Puttasing',345),
	(104,'Puttur',2),
	(2015,'Puttur',172),
	(2845,'Pynursla',294),
	(4615,'Quepem',540),
	(2157,'Quilandy',197),
	(5093,'Qutubullapur',608),
	(3102,'R.Udaygiri',328),
	(488,'Racherla',9),
	(2595,'Radhanagari',264),
	(1640,'Radhanpur',106),
	(3846,'Radhapuram',429),
	(4200,'Rae Bareli',499),
	(984,'Rafiganj',53),
	(880,'Raga Circle',43),
	(2270,'Raghogarh',218),
	(1453,'Raghopur',86),
	(1469,'Raghopur',87),
	(3367,'Raghunathapali',348),
	(4454,'Raghunathganj - I',523),
	(4455,'Raghunathganj - II',523),
	(5452,'Raghunathpalle',615),
	(1442,'Raghunathpur',85),
	(4527,'Raghunathpur - I',527),
	(4528,'Raghunathpur - II',527),
	(2370,'Raghurajnagar',237),
	(776,'Raha',31),
	(2364,'Rahatgarh',236),
	(2453,'Rahta',250),
	(1274,'Rahui',74),
	(2454,'Rahuri',250),
	(3028,'Raibania',321),
	(3368,'Raiboga',348),
	(2087,'Raichur',184),
	(4785,'Raidih',573),
	(4509,'Raiganj',526),
	(4968,'Raigarh',602),
	(3284,'Raighar',341),
	(5148,'Raikal',609),
	(3177,'Raikia',334),
	(5302,'Raikode',612),
	(3418,'Raikot',360),
	(3653,'Railmagra',396),
	(4301,'Raina - I',513),
	(4302,'Raina - II',513),
	(5453,'Raiparthy',615),
	(3510,'Raipur',376),
	(3644,'Raipur',395),
	(4266,'Raipur',512),
	(4980,'Raipur',603),
	(2355,'Raipur - Karchuliyan',235),
	(3338,'Rairakhol',346),
	(3268,'Rairangpur',340),
	(3269,'Rairangpur Town',340),
	(2336,'Raisen',232),
	(3564,'Raisinghnagar',384),
	(1470,'Raja Pakar',87),
	(3369,'Rajagangapur',348),
	(220,'Rajahmundry (Urban)',4),
	(221,'Rajahmundry Rural',4),
	(3553,'Rajakhera',382),
	(527,'Rajam',10),
	(163,'Rajampet',3),
	(222,'Rajanagaram',4),
	(3908,'Rajapalayam',437),
	(5365,'Rajapet',613),
	(2712,'Rajapur',275),
	(4497,'Rajarhat',525),
	(1289,'Rajauli',75),
	(994,'Rajaun',54),
	(1938,'Rajauri',158),
	(223,'Rajavommangi',4),
	(5094,'Rajendranagar',608),
	(4419,'Rajganj',520),
	(2343,'Rajgarh',233),
	(3466,'Rajgarh',371),
	(3540,'Rajgarh',380),
	(1874,'Rajgarh(T)',143),
	(4691,'Rajgarhi',563),
	(1275,'Rajgir',74),
	(4981,'Rajim',603),
	(3186,'Rajkanika',335),
	(1656,'Rajkot',108),
	(4868,'Rajmahal',584),
	(1233,'Rajnagar',71),
	(2222,'Rajnagar',210),
	(3187,'Rajnagar',335),
	(3934,'Rajnagar',440),
	(4318,'Rajnagar',514),
	(4991,'Rajnandgaon',604),
	(4606,'Rajouri Garden',538),
	(1053,'Rajpur',58),
	(1342,'Rajpur',78),
	(2199,'Rajpur',206),
	(4996,'Rajpur',605),
	(3435,'Rajpura',366),
	(3654,'Rajsamand',396),
	(1511,'Rajula',90),
	(164,'Rajupalem',3),
	(282,'Rajupalem',5),
	(2530,'Rajura',257),
	(1817,'Rakkar(S.T)',137),
	(2969,'Ralan',317),
	(2793,'Ralegaon',283),
	(611,'Ramabhadrapuram',12),
	(105,'Ramachandrapuram',2),
	(224,'Ramachandrapuram',4),
	(5303,'Ramachandrapuram',612),
	(5149,'Ramadugu',609),
	(47,'Ramagiri',1),
	(3103,'Ramagiri (P)',328),
	(3125,'Ramagiri (P)',329),
	(5150,'Ramagundam',609),
	(106,'Ramakuppam',2),
	(2092,'Ramanagaram',185),
	(3803,'Ramanathapuram',423),
	(5366,'Ramannapeta',613),
	(165,'Ramapuram',3),
	(107,'Ramasamudram',2),
	(5304,'Ramayampet',612),
	(1911,'Ramban',150),
	(3126,'Rambha',329),
	(576,'Rambilli',11),
	(1969,'Ramdurg',164),
	(3804,'Rameswaram',423),
	(3627,'Ramganj Mandi',393),
	(1162,'Ramgarh',65),
	(3467,'Ramgarh',371),
	(4732,'Ramgarh',568),
	(4847,'Ramgarh',582),
	(1198,'Ramgarh Chowk',69),
	(1094,'Ramgarhwa',60),
	(4756,'Ramkanda',570),
	(752,'Ramkrishna Nagar',27),
	(4757,'Ramna',570),
	(1487,'Ramnagar',88),
	(1946,'Ramnagar',160),
	(2371,'Ramnagar',237),
	(4007,'Ramnagar',453),
	(4369,'Ramnagar-I',517),
	(4370,'Ramnagar-II',517),
	(225,'Rampachodavaram',4),
	(1163,'Rampur',65),
	(3344,'Rampur',347),
	(4206,'Rampur',500),
	(2413,'Rampur Naikin',244),
	(1861,'Rampur(T)',142),
	(2372,'Rampur-Baghelan',237),
	(3383,'Rampura Phul',351),
	(4319,'Rampurhat - I',514),
	(4320,'Rampurhat - II',514),
	(4008,'Ramsanehighat',453),
	(3488,'Ramsar',374),
	(1883,'Ramshahr(S.T)',144),
	(2620,'Ramtek',267),
	(4474,'Ranaghat - I',524),
	(4475,'Ranaghat - II',524),
	(2298,'Ranapur',224),
	(3294,'Ranapur',342),
	(528,'Ranastalam',10),
	(1647,'Ranavav',107),
	(1916,'Ranbirsinghpora',151),
	(4858,'Ranchi Sadar',583),
	(226,'Rangampeta',4),
	(4640,'Rangat',549),
	(742,'Rangia',25),
	(715,'Rangjuli',21),
	(4347,'Rangli Rangliot',516),
	(1025,'Rangra Chowk',56),
	(1773,'Rania',131),
	(4808,'Rania',576),
	(2055,'Ranibennur',178),
	(4267,'Ranibundh',512),
	(965,'Raniganj',51),
	(4303,'Raniganj',513),
	(4645,'Ranikhet',551),
	(2867,'Ranikor',299),
	(4456,'Raninagar - I',523),
	(4457,'Raninagar - II',523),
	(4733,'Ranishwar',568),
	(3595,'Raniwara',388),
	(5404,'Ranjal',614),
	(4758,'Ranka',570),
	(2173,'Ranni',200),
	(1499,'Ranpur',89),
	(1596,'Rapar',99),
	(48,'Raptadu',1),
	(433,'Rapur',8),
	(3270,'Raruan',340),
	(3271,'Rasagobindapur',340),
	(3536,'Rashmi',379),
	(3779,'Rasipuram',419),
	(3095,'Rasol',327),
	(3995,'Rasra',450),
	(4132,'Rasulabad',481),
	(3541,'Ratangarh',380),
	(4097,'Rath',473),
	(1729,'Ratia',118),
	(2349,'Ratlam',234),
	(2713,'Ratnagiri',275),
	(972,'Ratni Faridpur',52),
	(4859,'Ratu',583),
	(4434,'Ratua - I',522),
	(4435,'Ratua - II',522),
	(3370,'Raurkela (M)',348),
	(3371,'Raurkela Industrial Township (ITS)',348),
	(2576,'Raver',262),
	(577,'Ravikamatham',11),
	(3696,'Ravong',404),
	(227,'Ravulapalem',4),
	(3537,'Rawatbhata',379),
	(3572,'Rawatsar',385),
	(1095,'Raxaul',60),
	(166,'Rayachoti',3),
	(49,'Rayadurg',1),
	(3104,'Rayagada',328),
	(3322,'Rayagada',345),
	(228,'Rayavaram',4),
	(1970,'Raybag',164),
	(229,'Razole',4),
	(3086,'Reamal',326),
	(1947,'Reasi',160),
	(5041,'Rebbana',606),
	(848,'Rebo-Perging Circle',40),
	(337,'Reddigudem',6),
	(529,'Regidi Amadalavalasa',10),
	(5305,'Regode',612),
	(5454,'Regonda',615),
	(2365,'Rehli',236),
	(2885,'Reiek',305),
	(3029,'Remuna',321),
	(2605,'Renapur',265),
	(3154,'Rengali',332),
	(3001,'Rengali Damsite',319),
	(108,'Renigunta',2),
	(283,'Rentachintala',5),
	(1875,'Renuka(T)',143),
	(3670,'Reodar',399),
	(284,'Repalle',5),
	(2837,'Resubelpara',293),
	(1396,'Revelganj',81),
	(1768,'Rewari',129),
	(836,'Richukrong Circle',39),
	(1422,'Riga',84),
	(849,'Riga Circle',40),
	(4657,'Rishikesh **',555),
	(2780,'Risod',282),
	(4238,'Robertsganj',508),
	(50,'Roddam',1),
	(1290,'Roh',75),
	(2701,'Roha',274),
	(3645,'Rohat',395),
	(4600,'Rohini',534),
	(1862,'Rohru(T)',142),
	(1770,'Rohtak',130),
	(1343,'Rohtas',78),
	(829,'Roing Circle',38),
	(51,'Rolla',1),
	(578,'Rolugunta',11),
	(109,'Rompicherla',2),
	(285,'Rompicherla',5),
	(2031,'Ron',175),
	(2213,'Ron',208),
	(2855,'Rongara',297),
	(3692,'Rongli',402),
	(2859,'Rongram',298),
	(1876,'Ronhat(S.T)',143),
	(4661,'Roorkee',556),
	(1370,'Rosera',80),
	(4060,'Rudauli',464),
	(4677,'Rudraprayag',560),
	(4045,'Rudrapur',461),
	(392,'Rudravaram',7),
	(850,'Ruksin Circle',40),
	(954,'Rumgong Circle',50),
	(1423,'Runisaidpur',84),
	(935,'Rupa Circle',49),
	(777,'Rupahi',31),
	(3935,'Rupaichhari',440),
	(1328,'Rupauli',77),
	(3499,'Rupbas',375),
	(3439,'Rupnagar',367),
	(3030,'Rupsa',321),
	(3440,'S.A.S.Nagar (Mohali)',367),
	(167,'S.Mydukur',3),
	(579,'S.Rayavaram',11),
	(2318,'Sabalgarh',228),
	(4592,'Sabang',530),
	(580,'Sabbavaram',11),
	(1026,'Sabour',56),
	(4104,'Sadabad',475),
	(2555,'Sadak-Arjuni',260),
	(3164,'Sadar',333),
	(3311,'Sadar',344),
	(3339,'Sadar',346),
	(2821,'Sadar Hills East Sub-Division',289),
	(2822,'Sadar Hills West Sub-Division',289),
	(5405,'Sadasivanagar',614),
	(5306,'Sadasivpet',612),
	(807,'Sadiya',36),
	(3565,'Sadulshahar',384),
	(1748,'Safidon',122),
	(4248,'Safipur',510),
	(890,'Sagalee Circle',44),
	(2095,'Sagar',186),
	(2366,'Sagar',236),
	(4557,'Sagar',528),
	(4458,'Sagardighi',523),
	(1619,'Sagbara',103),
	(3983,'Sagri',447),
	(3557,'Sagwara',383),
	(1039,'Sahar',57),
	(3511,'Sahara',376),
	(4212,'Saharanpur',501),
	(4029,'Sahaswan',457),
	(1471,'Sahdai Buzurg',87),
	(1256,'Sahebganj',73),
	(1011,'Sahebpur Kamal',55),
	(3220,'Saheednagar',337),
	(4869,'Sahibganj',584),
	(4371,'Sahid Matangini',517),
	(4094,'Sahjanwa',472),
	(5065,'Saidabad',607),
	(5151,'Saidapur',609),
	(4082,'Saidpur',470),
	(4056,'Saifai **',463),
	(2350,'Sailana',234),
	(2675,'Sailu',272),
	(1831,'Sainj(S.T)',139),
	(3204,'Sainkul',336),
	(3012,'Saintala',320),
	(4321,'Sainthia',514),
	(2823,'Saitu Gamphazol Sub-Division',289),
	(4931,'Saja',593),
	(4039,'Sakaldiha',459),
	(230,'Sakhinetipalle',4),
	(2050,'Sakleshpur',177),
	(2505,'Sakoli',255),
	(1257,'Sakra',73),
	(2947,'Sakraba',315),
	(2535,'Sakri',258),
	(4940,'Sakti',594),
	(4304,'Salanpur',513),
	(4593,'Salboni',530),
	(4616,'Salcete',540),
	(2556,'Salekasa',260),
	(3811,'Salem',424),
	(3918,'Salema',438),
	(4046,'Salempur',461),
	(3080,'Salepur',325),
	(5367,'Sali Gouraram',613),
	(1354,'Salkhua',79),
	(4201,'Salon',499),
	(4268,'Saltora',512),
	(3687,'Salumbar',401),
	(1793,'Saluni(T)',135),
	(612,'Salur',12),
	(778,'Samaguri',31),
	(3002,'Samal Barrage',319),
	(1765,'Samalkha',128),
	(231,'Samalkota',4),
	(3436,'Samana',366),
	(2838,'Samanda',293),
	(4997,'Samari',605),
	(1371,'Samastipur',80),
	(1917,'Samba',151),
	(168,'Sambepalle',3),
	(4183,'Sambhal',495),
	(1179,'Sameli',66),
	(1641,'Sami',106),
	(1315,'Sampatchak',76),
	(1971,'Sampgaon',164),
	(3419,'Samrala',360),
	(4459,'Samserganj',523),
	(2773,'Samudrapur',281),
	(1500,'Sanand',89),
	(3596,'Sanchore',388),
	(1040,'Sandesh',57),
	(4498,'Sandeshkhali - I',525),
	(4499,'Sandeshkhali - II',525),
	(1847,'Sandhol(S.T)',141),
	(4100,'Sandila',474),
	(1977,'Sandur',165),
	(434,'Sangam',8),
	(5455,'Sangam',615),
	(2714,'Sangameshwar',275),
	(2455,'Sangamner',250),
	(3585,'Sanganer',386),
	(5307,'Sangareddy',612),
	(3573,'Sangaria',385),
	(2888,'Sangau',306),
	(1825,'Sangla(T)',138),
	(3628,'Sangod',393),
	(2751,'Sangole',279),
	(858,'Sangram Circle',41),
	(1096,'Sangrampur',60),
	(1240,'Sangrampur',72),
	(2517,'Sangrampur',256),
	(3444,'Sangrur',368),
	(4617,'Sanguem',540),
	(2970,'Sanis',317),
	(393,'Sanjamala',7),
	(4932,'Sanjaribalod',593),
	(1344,'Sanjhauli',78),
	(3847,'Sankarankoil',429),
	(3900,'Sankarapuram',436),
	(3812,'Sankari',424),
	(232,'Sankhavaram',4),
	(1704,'Sankheda',113),
	(4401,'Sankrail',519),
	(4594,'Sankrail',530),
	(1642,'Santalpur',106),
	(530,'Santhabommali',10),
	(531,'Santhakaviti',10),
	(489,'Santhamaguluru',9),
	(490,'Santhanuthala Padu',9),
	(110,'Santhipuram',2),
	(4476,'Santipur',524),
	(1635,'Santrampur',105),
	(4529,'Santuri',527),
	(3622,'Sapotra',392),
	(3688,'Sarada',401),
	(1454,'Saraigarh Bhaptiyahi',86),
	(4878,'Saraikela',585),
	(4963,'Saraipali',600),
	(1372,'Sarairanjan',80),
	(1258,'Saraiya',73),
	(4734,'Saraiyahat',568),
	(3178,'Sarangagarh',334),
	(5042,'Sarangapur',606),
	(5152,'Sarangapur',609),
	(4969,'Sarangarh',602),
	(2344,'Sarangpur',233),
	(3295,'Sarankul',342),
	(4601,'Saraswati Vihar',534),
	(4716,'Sarath',566),
	(532,'Saravakota',10),
	(2254,'Sardarpur',215),
	(3542,'Sardarshahar',380),
	(4175,'Sardhana',493),
	(3422,'Sardulgarh',361),
	(4269,'Sarenga',512),
	(1848,'Sarkaghat(T)',141),
	(859,'Sarli Circle',41),
	(1276,'Sarmera',74),
	(5095,'Saroornagar',608),
	(670,'Sarthebari',14),
	(533,'Sarubujjili',10),
	(720,'Sarupathar',22),
	(671,'Sarupeta',14),
	(4717,'Sarwan',566),
	(3457,'Sarwar',370),
	(3340,'Sasan',346),
	(1345,'Sasaram',78),
	(4105,'Sasni **',475),
	(2980,'Satakha',318),
	(1355,'Satar Kataiya',79),
	(2733,'Satara',277),
	(4611,'Satari',539),
	(4843,'Satbarwa',581),
	(3936,'Satchand',440),
	(4813,'Satgawan',577),
	(3885,'Sathankulam',434),
	(5195,'Sathupalle',610),
	(3737,'Sathyamangalam',412),
	(1611,'Satlasana',101),
	(2981,'Satoi',318),
	(286,'Sattenapalle',5),
	(3909,'Sattur',437),
	(3312,'Satyabadi',344),
	(111,'Satyavedu',2),
	(1356,'Saur Bazar',79),
	(2230,'Sausar',211),
	(287,'Savalyapuram H/O Kanamarlapudi',5),
	(2056,'Savanur',178),
	(1512,'Savar Kundla',90),
	(1705,'Savli',113),
	(2621,'Savner',267),
	(837,'Sawa Circle',39),
	(3661,'Sawai Madhopur',397),
	(2531,'Sawali',257),
	(2740,'Sawantwadi',278),
	(4101,'Sawayajpur **',474),
	(2287,'Sawer',222),
	(2813,'Sawombung Sub-Division',287),
	(1694,'Sayla',111),
	(3597,'Sayla',388),
	(2909,'Sechu',310),
	(5066,'Secunderabad',607),
	(2039,'Sedam',176),
	(534,'Seethampeta',10),
	(233,'Seethanagaram',4),
	(613,'Seethanagaram',12),
	(435,'Seetharamapuram',8),
	(2444,'Segaon',249),
	(2378,'Sehore',238),
	(838,'Seijosa Circle',39),
	(2948,'Sekruzu',315),
	(2774,'Seloo',281),
	(2860,'Selsella',298),
	(2200,'Sendhwa',206),
	(3700,'Sendurai',406),
	(2562,'Sengaon',261),
	(4825,'Senha',579),
	(2241,'Seondha',213),
	(2384,'Seoni',239),
	(1863,'Seoni(T)',142),
	(2282,'Seoni-Malwa',221),
	(3554,'Sepau',382),
	(839,'Seppa Circle',39),
	(4390,'Serampur Uttarpara',518),
	(3105,'Serango',328),
	(2891,'Serchhip',307),
	(5096,'Serilingampally',608),
	(52,'Settur',1),
	(2958,'Seyochung',316),
	(5097,'Shabad',608),
	(4102,'Shahabad',474),
	(4207,'Shahabad',500),
	(2643,'Shahade',269),
	(2762,'Shahapur',280),
	(1757,'Shahbad',125),
	(3482,'Shahbad',373),
	(4117,'Shahganj',477),
	(4220,'Shahjahanpur',504),
	(3408,'Shahkot',358),
	(1027,'Shahkund',56),
	(2331,'Shahnagar',231),
	(1041,'Shahpur',57),
	(2040,'Shahpur',176),
	(2206,'Shahpur',207),
	(1818,'Shahpur(T)',137),
	(2256,'Shahpura',216),
	(3512,'Shahpura',376),
	(3586,'Shahpura',386),
	(2596,'Shahuwadi',264),
	(5067,'Shaikpet',607),
	(2395,'Shajapur',241),
	(1877,'Shalai(T)',143),
	(2959,'Shamator',316),
	(995,'Shambhuganj',54),
	(1012,'Shamho Akha Kurha',55),
	(5098,'Shamirpet',608),
	(4189,'Shamli **',496),
	(5099,'Shamshabad',608),
	(2931,'Shangnyu',313),
	(5308,'Shankarampet (A)',612),
	(5309,'Shankarampet (R)',612),
	(5153,'Shankarapatnam',609),
	(5100,'Shankarpalle',608),
	(1211,'Shankarpur',70),
	(3272,'Sharata',340),
	(5456,'Shayampet',615),
	(2518,'Shegaon',256),
	(1636,'Shehera',105),
	(1403,'Sheikhpura',82),
	(1404,'Shekhopur Sarai',82),
	(2846,'Shella Bholaganj',294),
	(3848,'Shenkottai',429),
	(3489,'Sheo',374),
	(3671,'Sheoganj',399),
	(1408,'Sheohar',83),
	(2399,'Sheopur',242),
	(1346,'Sheosagar',78),
	(3617,'Shergarh',391),
	(1120,'Sherghati',61),
	(2456,'Shevgaon',250),
	(2057,'Shiggaon',178),
	(4735,'Shikaripara',568),
	(2096,'Shikarpur',186),
	(4034,'Shikarpur **',458),
	(4070,'Shikohabad',467),
	(1864,'Shimla Rural(T)',142),
	(1865,'Shimla Urban(T)',142),
	(2097,'Shimoga',186),
	(2721,'Shirala',276),
	(2032,'Shirhatti',175),
	(2597,'Shirol',264),
	(2536,'Shirpur',258),
	(2689,'Shirur',273),
	(2498,'Shirur (Kasar)',254),
	(2606,'Shirur-Anantpal',265),
	(1373,'Shivaji Nagar',80),
	(5310,'Shivampet',612),
	(2407,'Shivpuri',243),
	(4229,'Shohratgarh **',506),
	(3743,'Sholinganallur',413),
	(2041,'Shorapur',176),
	(2457,'Shrigonda',250),
	(2458,'Shrirampur',250),
	(2076,'Shrirangapattana',182),
	(2702,'Shrivardhan',274),
	(2396,'Shujalpur',241),
	(1933,'Shupiyan',157),
	(4402,'Shyampur - I',519),
	(4403,'Shyampur - II',519),
	(4035,'Siana',458),
	(796,'Sibsagar',34),
	(2120,'Siddapur',189),
	(5311,'Siddipet',612),
	(4234,'Sidhauli',507),
	(1488,'Sidhaw',88),
	(169,'Sidhout',3),
	(1643,'Sidhpur',106),
	(1135,'Sidhwalia',62),
	(2005,'Sidlaghatta',170),
	(675,'Sidli (Part-II)',15),
	(757,'Sidli (Pt.-I)',28),
	(2414,'Sihawal',244),
	(1548,'Sihor',94),
	(2291,'Sihora',223),
	(1794,'Sihunta(S.T)',135),
	(3996,'Sikanderpur **',450),
	(1146,'Sikandra',63),
	(4133,'Sikandra **',481),
	(4106,'Sikandra Rao',475),
	(4036,'Sikandrabad',458),
	(3666,'Sikar',398),
	(3549,'Sikrai',381),
	(1489,'Sikta',88),
	(966,'Sikti',51),
	(1277,'Silao',74),
	(679,'Silchar',16),
	(851,'Sille-Oyan Circle',40),
	(4860,'Silli',583),
	(2486,'Sillod',253),
	(747,'Silonijan',26),
	(2337,'Silwani',232),
	(3558,'Simalwara',383),
	(4708,'Simaria',565),
	(4885,'Simdega',586),
	(4982,'Simga',603),
	(170,'Simhadripuram',3),
	(3031,'Similia',321),
	(3239,'Similiguda',338),
	(4270,'Simlapal',512),
	(1054,'Simri',58),
	(1357,'Simri Bakhtiarpur',79),
	(3301,'Sinapali',343),
	(2532,'Sindewahi',257),
	(1988,'Sindgi',167),
	(3013,'Sindhekela',320),
	(2088,'Sindhnur',184),
	(2519,'Sindkhed Raja',256),
	(2537,'Sindkhede',258),
	(914,'Singa Circle',47),
	(53,'Singanamala',1),
	(491,'Singarayakonda',9),
	(5196,'Singareni',610),
	(936,'Singchung Circle',49),
	(1212,'Singheshwar',70),
	(1374,'Singhia',80),
	(1071,'Singhwara',59),
	(3032,'Singla',321),
	(2807,'Singngat Sub-Division',286),
	(2415,'Singrauli',244),
	(4391,'Singur',518),
	(2656,'Sinnar',270),
	(1706,'Sinor',113),
	(689,'Sipajhar',17),
	(2106,'Sira',187),
	(4139,'Sirathu',483),
	(4009,'Sirauli Gauspur**',453),
	(5154,'Sircilla',609),
	(1291,'Sirdala',75),
	(3773,'Sirkali',418),
	(5406,'Sirkonda',614),
	(2356,'Sirmour',235),
	(3672,'Sirohi',399),
	(2549,'Sironcha',259),
	(2435,'Sironj',248),
	(5043,'Sirpur',606),
	(5044,'Sirpur (T)',606),
	(1774,'Sirsa',131),
	(2121,'Sirsi',189),
	(1978,'Siruguppa',165),
	(394,'Sirvel',7),
	(4786,'Sisai',573),
	(694,'Sissibargaon',18),
	(1443,'Siswan',85),
	(4332,'Sitai',515),
	(4333,'Sitalkuchi',515),
	(2312,'Sitamau',227),
	(4235,'Sitapur',507),
	(4998,'Sitapur',605),
	(4687,'Sitarganj',562),
	(2902,'Sitimi',309),
	(3819,'Sivaganga',425),
	(3849,'Sivagiri',429),
	(3910,'Sivakasi',437),
	(1444,'Siwan',85),
	(3490,'Siwana',374),
	(1721,'Siwani',116),
	(925,'Siyum Circle',48),
	(112,'Sodam',2),
	(2487,'Soegaon',253),
	(2283,'Sohagpur',221),
	(2389,'Sohagpur',240),
	(4061,'Sohawal **',464),
	(3047,'Sohela',322),
	(1736,'Sohna',119),
	(3646,'Sojat',395),
	(1518,'Sojitra',91),
	(1884,'Solan(T)',144),
	(2752,'Solapur North',279),
	(2753,'Solapur South',279),
	(113,'Somala',2),
	(54,'Somandepalle',1),
	(535,'Sompeta',10),
	(2059,'Somvarpet',179),
	(4861,'Sonahatu',583),
	(680,'Sonai',16),
	(4271,'Sonamukhi',512),
	(743,'Sonapur',25),
	(3345,'Sonapur',347),
	(797,'Sonari',34),
	(4558,'Sonarpur',528),
	(1897,'SONAWARI',147),
	(1358,'Sonbarsa',79),
	(1424,'Sonbarsa',84),
	(973,'Sonbhadra Banshi Suryapur',52),
	(1397,'Sonepur',81),
	(1680,'Songadh',110),
	(2839,'Songsak',293),
	(4960,'Sonhat',599),
	(1028,'Sonhaula',56),
	(1778,'Sonipat',132),
	(2246,'Sonkatch',214),
	(1147,'Sono',63),
	(2676,'Sonpeth',272),
	(4901,'Sonua',587),
	(1901,'Sopore',148),
	(2098,'Sorab',186),
	(3970,'Soraon',444),
	(3698,'Soreng',405),
	(3033,'Soro',321),
	(3205,'Soso',336),
	(703,'South Salmara',19),
	(1833,'Spiti (T)',140),
	(171,'Sri Avadhutha Kasinayana',3),
	(3667,'Sri Madhopur',398),
	(676,'Srijangram',15),
	(536,'Srikakulam',10),
	(114,'Srikalahasti',2),
	(1329,'Srinagar',77),
	(1943,'Srinagar',159),
	(4670,'Srinagar **',558),
	(1998,'Sringeri',169),
	(2065,'Srinivaspur',180),
	(3744,'Sriperumbudur',413),
	(5155,'Srirampur',609),
	(3838,'Srirangam',428),
	(115,'Srirangarajapuram',2),
	(395,'Srisailam',7),
	(3886,'Srivaikuntam',434),
	(3911,'Srivilliputhur',437),
	(614,'Srungavarapukota',12),
	(4208,'Suar',500),
	(764,'Subansiri (Part-I)',29),
	(695,'Subansiri (Part-II)',18),
	(2703,'Sudhagad',274),
	(1097,'Sugauli',60),
	(3543,'Sujangarh',380),
	(3145,'Sukinda',331),
	(3273,'Suliapada',340),
	(436,'Sullurpeta',8),
	(5156,'Sultanabad',609),
	(1029,'Sultanganj',56),
	(4244,'Sultanpur',509),
	(3412,'Sultanpur Lodhi',359),
	(2185,'Sulthanbathery',203),
	(3712,'Sulur',408),
	(2016,'Sulya',172),
	(3647,'Sumerpur',395),
	(3240,'Sunabeda',338),
	(3445,'Sunam',368),
	(3372,'Sundargarh',348),
	(3373,'Sundargarh Town',348),
	(1849,'Sundarnagar(T)',141),
	(4777,'Sundarpahari',572),
	(1939,'Sunderbani',158),
	(2971,'Sungro',317),
	(872,'Sunpura Circle',42),
	(2122,'Supa',189),
	(1455,'Supaul',86),
	(1425,'Suppi',84),
	(3127,'Surada',329),
	(1199,'Surajgarha',69),
	(4999,'Surajpur',605),
	(1930,'Surankote',156),
	(1681,'Surat City',110),
	(3566,'Suratgarh',384),
	(2657,'Surgana',270),
	(4322,'Suri - I',514),
	(4323,'Suri - II',514),
	(1426,'Sursand',84),
	(2982,'Suruhuto',318),
	(5368,'Suryapet',613),
	(1347,'Suryapura',78),
	(2397,'Susner',241),
	(4372,'Sutahata-I',517),
	(4373,'Sutahata-II',517),
	(4460,'Suti - I',523),
	(4461,'Suti - II',523),
	(1582,'Sutrapada',98),
	(4500,'Swarupnagar',525),
	(437,'Sydapuram',8),
	(172,'T Sundupalle',3),
	(655,'T.Narasapuram',13),
	(438,'Tada',8),
	(288,'Tadepalle',5),
	(656,'Tadepalligudem',13),
	(289,'Tadikonda',5),
	(55,'Tadimarri',1),
	(5261,'Tadoor',611),
	(56,'Tadpatri',1),
	(5457,'Tadvai',615),
	(5407,'Tadwai',614),
	(4122,'Tahrauli **',478),
	(1375,'Tajpur',80),
	(4915,'Takhatpur',590),
	(926,'Taksing Circle',48),
	(2704,'Tala',274),
	(1549,'Talaja',94),
	(5262,'Talakondapalle',611),
	(1583,'Talala',98),
	(5045,'Talamadugu',606),
	(2182,'Talappilly',202),
	(3374,'Talasara',348),
	(2763,'Talasari',280),
	(4151,'Talbehat',486),
	(3003,'Talcher Sadar',319),
	(4272,'Taldangra',512),
	(860,'Tali Circle',41),
	(927,'Taliha Circle',48),
	(2142,'Taliparamba',193),
	(4870,'Taljhari',584),
	(5197,'Tallada',610),
	(657,'Tallapudi',13),
	(1668,'Talod',109),
	(2644,'Talode',269),
	(57,'Talupula',1),
	(3384,'Talwandi Sabo',351),
	(4862,'Tamar I',583),
	(3745,'Tambaram',413),
	(2825,'Tamenglong North Sub-Division',290),
	(2826,'Tamenglong Sub-Division',290),
	(2827,'Tamenglong West Sub-Division',290),
	(2231,'Tamia',211),
	(4148,'Tamkuhi Raj',485),
	(2912,'Tamlu',311),
	(4374,'Tamluk',517),
	(5046,'Tamsi',606),
	(786,'Tamulpur',32),
	(1121,'Tan Kuppa',61),
	(58,'Tanakal',1),
	(3974,'Tanda',445),
	(5047,'Tandur',606),
	(5101,'Tandur',608),
	(4709,'Tandwa',565),
	(3375,'Tangarapali',348),
	(3081,'Tangi',325),
	(3221,'Tangi',337),
	(492,'Tangutur',9),
	(5048,'Tanoor',606),
	(4902,'Tantnagar',587),
	(658,'Tanuku',13),
	(1737,'Taoru',119),
	(4567,'Tapan',529),
	(4087,'Tarabganj',471),
	(1398,'Taraiya',81),
	(4392,'Tarakeswar',518),
	(2427,'Tarana',246),
	(3544,'Taranagar',380),
	(1241,'Tarapur',72),
	(1519,'Tarapur',91),
	(1042,'Tarari',57),
	(3128,'Tarasingi',329),
	(3346,'Tarbha',347),
	(1072,'Tardih',59),
	(1409,'Tariani Chowk',83),
	(1999,'Tarikere',169),
	(493,'Tarlupadu',9),
	(3448,'TARN-TARAN',369),
	(2722,'Tasgaon',276),
	(955,'Tato Circle',50),
	(896,'Tawang Circle',45),
	(1013,'Teghra',55),
	(4477,'Tehatta - I',524),
	(4478,'Tehatta - II',524),
	(4683,'Tehri',561),
	(537,'Tekkali',10),
	(5312,'Tekmal',612),
	(5198,'Tekulapalle',610),
	(2465,'Telhara',251),
	(3950,'Teliamura',441),
	(5263,'Telkapalle',611),
	(3206,'Telkoi',336),
	(290,'Tenali',5),
	(2238,'Tendukheda',212),
	(2323,'Tendukheda',229),
	(709,'Tengakhat',20),
	(2804,'Tengnoupal Sub-Division',285),
	(2938,'Tening',314),
	(3850,'Tenkasi',429),
	(3285,'Tentulikhunti',341),
	(728,'Teok',24),
	(2357,'Teonthar',235),
	(2478,'Teosa',252),
	(1192,'Terhagachh',68),
	(1098,'Tetaria',60),
	(1242,'Tetiha Bambor',72),
	(804,'Tezpur',35),
	(873,'Tezu Circle',42),
	(2850,'Thadlaskein',295),
	(1490,'Thakrahan',88),
	(4778,'Thakur Gangti',572),
	(4184,'Thakurdwara',495),
	(1193,'Thakurganj',68),
	(3004,'Thakurgarh',319),
	(3274,'Thakurmunda',340),
	(4559,'Thakurpukur Mahestola',528),
	(2143,'Thalassery',193),
	(4671,'Thali Sain',558),
	(234,'Thallarevu',4),
	(494,'Thallur',9),
	(116,'Thamballapalle',2),
	(3468,'Thanagazi',371),
	(1940,'Thanamandi',158),
	(2299,'Thandla',224),
	(2764,'Thane',280),
	(1758,'Thanesar',125),
	(3826,'Thanjavur',426),
	(2808,'Thanlon Sub-Division',286),
	(1530,'Tharad',92),
	(4653,'Tharali',553),
	(3774,'Tharangambadi',418),
	(1278,'Tharthari',74),
	(1605,'Thasra',100),
	(1912,'Thathri',150),
	(117,'Thavanampalle',2),
	(1136,'Thawe',62),
	(1696,'The Dangs',112),
	(3832,'Theni',427),
	(1866,'Theog(T)',142),
	(615,'Therlam',12),
	(4886,'Thethaitangar',586),
	(2201,'Thikri',206),
	(5264,'Thimmajipet',611),
	(897,'Thingbu Circle',45),
	(2871,'Thingsulthliah (Part)',300),
	(2892,'Thingsulthliah (Part)',307),
	(5369,'Thipparthi',613),
	(3775,'Thirukkuvalai',418),
	(4621,'Thirumalairayan Pattinam Commune Panchayat',541),
	(5199,'Thirumalayapalem',610),
	(5370,'Thirumalgiri',613),
	(3766,'Thirumangalam',417),
	(3798,'Thirumayam',422),
	(4622,'Thirunallar Commune Panchayat',541),
	(3767,'Thirupparankundram',417),
	(3879,'Thiruthuraipoondi',433),
	(3827,'Thiruvaiyaru',426),
	(2174,'Thiruvalla',200),
	(3866,'Thiruvallur',431),
	(2178,'Thiruvananthapuram',201),
	(3880,'Thiruvarur',433),
	(3828,'Thiruvidaimarudur',426),
	(2139,'Thodupuzha',192),
	(235,'Thondangi',4),
	(173,'Thondur',3),
	(2960,'Thonoknyu',316),
	(3887,'Thoothukkudi',434),
	(5458,'Thorrur',615),
	(439,'Thotapalligudur',8),
	(338,'Thotlavalluru',6),
	(118,'Thottambedu',2),
	(3839,'Thottiyam',428),
	(2830,'Thoubal Sub-Division',291),
	(3750,'Thovala',414),
	(5371,'Thripuraram',613),
	(2183,'Thrissur',202),
	(937,'Thrizino Circle',49),
	(3165,'Thuamul Rampur',333),
	(291,'Thullur',5),
	(1850,'Thunag(T)',141),
	(5372,'Thungathurthi',613),
	(3840,'Thuraiyur',428),
	(1819,'Thural(S.T)',137),
	(3574,'Tibi',385),
	(3082,'Tigiria',325),
	(3058,'Tihidi',323),
	(787,'Tihu',32),
	(3469,'Tijara',371),
	(3179,'Tikabali',334),
	(3376,'Tikaetpali',348),
	(2421,'Tikamgarh',245),
	(1867,'Tikar(S.T)',142),
	(1122,'Tikari',61),
	(3323,'Tikiri',345),
	(2861,'Tikrikilla',298),
	(1620,'Tilakwada',103),
	(4983,'Tilda',603),
	(4221,'Tilhar',504),
	(4202,'Tiloi',499),
	(1348,'Tilouthu',78),
	(2276,'Timarni',220),
	(5157,'Timmapur (LMD Colony)',609),
	(3901,'Tindivanam',436),
	(710,'Tingkhong',20),
	(808,'Tinsukia',36),
	(2809,'Tipaimukh Sub-Division',286),
	(2107,'Tiptur',187),
	(1800,'Tira Sujanpur(T)',136),
	(956,'Tirbin Circle',50),
	(3275,'Tiringi',340),
	(2557,'Tirora',260),
	(2099,'Tirthahalli',186),
	(3135,'Tirtol',330),
	(3888,'Tiruchendur',434),
	(3780,'Tiruchengode',419),
	(3841,'Tiruchirappalli',428),
	(3912,'Tiruchuli',437),
	(3746,'Tirukalukundram',413),
	(3902,'Tirukkoyilur',436),
	(2083,'Tirumakudal Narsipur',183),
	(5068,'Tirumalagiri',607),
	(3851,'Tirunelveli',429),
	(3820,'Tirupathur',425),
	(3894,'Tirupathur',435),
	(119,'Tirupati (Rural)',2),
	(120,'Tirupati (Urban)',2),
	(3858,'Tiruppur',430),
	(2163,'Tirur',198),
	(2164,'Tirurangadi',198),
	(3867,'Tiruttani',431),
	(3805,'Tiruvadanai',423),
	(3873,'Tiruvannamalai',432),
	(339,'Tiruvuru',6),
	(4128,'Tirwa **',480),
	(5049,'Tiryani',606),
	(4770,'Tisri',571),
	(4612,'Tiswadi',539),
	(729,'Titabor',24),
	(3014,'Titlagarh',320),
	(3719,'Tittakudi',409),
	(2932,'Tizit',313),
	(2872,'Tlangnuam (Part)',300),
	(2878,'Tlangnuam (Part)',302),
	(2933,'Tobu',313),
	(3623,'Todabhim',392),
	(3677,'Todaraisingh',400),
	(1730,'Tohana',118),
	(3678,'Tonk',400),
	(2247,'Tonk Khurd',214),
	(4903,'Tonto',587),
	(4724,'Topchanchi',567),
	(4809,'Torpa',576),
	(891,'Toru Circle',44),
	(1722,'Tosham',116),
	(1934,'Tral',157),
	(1456,'Tribeniganj',86),
	(2658,'Trimbakeshwar',270),
	(495,'Tripuranthakam',9),
	(2910,'Tseminyu',310),
	(292,'Tsundur',5),
	(2961,'Tsurungto',316),
	(2962,'Tuensang Sadar',316),
	(4334,'Tufanganj - I',515),
	(4335,'Tufanganj - II',515),
	(396,'Tuggali',7),
	(2889,'Tuipang',306),
	(3951,'Tulashikhar',441),
	(2920,'Tuli',312),
	(2665,'Tuljapur',271),
	(3998,'Tulsipur',451),
	(2108,'Tumkur',187),
	(2506,'Tumsar',255),
	(3180,'Tumudibandha',334),
	(3096,'Tumusingha',327),
	(4725,'Tundi',567),
	(4071,'Tundla **',467),
	(236,'Tuni',4),
	(5313,'Tupran',612),
	(3015,'Turekela',320),
	(1099,'Turkaulia',60),
	(3207,'Turumunga',336),
	(2109,'Turuvekere',187),
	(3016,'Tushura',320),
	(915,'Tuting Circle',47),
	(1682,'Uchchhal',110),
	(1137,'Uchkagaon',62),
	(4970,'Udaipur (Dharamjaigarh)',602),
	(1834,'Udaipur (S.T)',140),
	(2338,'Udaipura',232),
	(3610,'Udaipurwati',390),
	(3276,'Udala',340),
	(690,'Udalguri',17),
	(681,'Udarbond',16),
	(440,'Udayagiri',8),
	(3701,'Udayarpalayam',406),
	(4404,'Udaynarayanpur',519),
	(2607,'Udgir',265),
	(3786,'Udhagamandalam',420),
	(1948,'Udhampur',160),
	(4871,'Udhwa',584),
	(3859,'Udumalaipettai',430),
	(2140,'Udumbanchola',192),
	(2112,'Udupi',188),
	(1043,'Udwant Nagar',57),
	(1376,'Ujiarpur',80),
	(2428,'Ujjain',246),
	(4678,'Ukhimath',560),
	(2833,'Ukhrul Central Sub-Division',292),
	(2834,'Ukhrul North Sub-Division',292),
	(2835,'Ukhrul South Sub-Division',292),
	(496,'Ulavapadu',9),
	(4405,'Uluberia - I',519),
	(4406,'Uluberia - II',519),
	(3347,'Ulunda',347),
	(3903,'Ulundurpettai',436),
	(2666,'Umarga',271),
	(2794,'Umarkhed',283),
	(3286,'Umarkote',341),
	(1683,'Umarpada',110),
	(1712,'Umbergaon',114),
	(2851,'Umling',296),
	(1550,'Umrala',94),
	(791,'Umrangso',33),
	(2622,'Umred',267),
	(1520,'Umreth',91),
	(2638,'Umri',268),
	(2852,'Umsning',296),
	(1584,'Una',98),
	(1889,'Una(T)',145),
	(4203,'Unchahar **',499),
	(2373,'Unchehara',237),
	(659,'Undi',13),
	(660,'Undrajavaram',13),
	(340,'Unguturu',6),
	(661,'Unguturu',13),
	(3679,'Uniara',400),
	(1612,'Unjha',101),
	(4249,'Unnao',510),
	(1657,'Upleta',108),
	(5102,'Uppal',608),
	(237,'Uppalaguptam',4),
	(5265,'Uppununthala',611),
	(2705,'Uran',274),
	(59,'Uravakonda',1),
	(1902,'Uri',148),
	(3768,'Usilampatti',417),
	(3833,'Uthamapalayam',427),
	(3760,'Uthangarai',416),
	(3747,'Uthiramerur',413),
	(3868,'Uthukkottai',431),
	(5266,'Utkoor',611),
	(5050,'Utnoor',606),
	(3999,'Utraula',451),
	(397,'Uyyalawada',7),
	(2983,'V.K.',318),
	(2765,'Vada',280),
	(2158,'Vadakara',197),
	(1669,'Vadali',109),
	(121,'Vadamalapeta',2),
	(1531,'Vadgam',92),
	(3769,'Vadipatti',417),
	(1613,'Vadnagar',101),
	(1707,'Vadodara',113),
	(1644,'Vagdod',106),
	(1708,'Vaghodia',113),
	(1539,'Vagra',93),
	(2741,'Vaibhavvadi',278),
	(2488,'Vaijapur',253),
	(2155,'Vaikom',196),
	(1472,'Vaishali',87),
	(60,'Vajrakarur',1),
	(538,'Vajrapukothuru',10),
	(441,'Vakadu',8),
	(3881,'Valangaiman',433),
	(1540,'Valia',93),
	(5373,'Valigonda',613),
	(1551,'Vallabhipur',94),
	(3689,'Vallabhnagar',401),
	(174,'Vallur',3),
	(1684,'Valod',110),
	(3713,'Valparai',408),
	(1713,'Valsad',114),
	(3874,'Vandavasi',432),
	(539,'Vangara',10),
	(5267,'Vangoor',611),
	(3895,'Vaniyambadi',435),
	(1585,'Vanthali',98),
	(3904,'Vanur',436),
	(122,'Varadaiahpalem',2),
	(4251,'Varanasi',511),
	(5200,'Vararamachandrapuram',610),
	(442,'Varikuntapadu',8),
	(5408,'Varni',614),
	(2766,'Vasai',280),
	(341,'Vatsavai',6),
	(293,'Vatticherukuru',5),
	(1532,'Vav',92),
	(123,'Vayalpad',2),
	(3813,'Vazhapadi',424),
	(3776,'Vedaranyam',418),
	(3732,'Vedasandur',411),
	(124,'Vedurukuppam',2),
	(5158,'Veenavanka',609),
	(5268,'Veepangandla',611),
	(175,'Veeraballe',3),
	(540,'Veeraghattam',10),
	(3852,'Veerakeralamputhur',429),
	(176,'Veerapunayunipalle',3),
	(662,'Veeravasaram',13),
	(342,'Veerullapadu',6),
	(5201,'Velairpadu',610),
	(5269,'Veldanda',611),
	(294,'Veldurthi',5),
	(398,'Veldurthi',7),
	(5159,'Velgatoor',609),
	(399,'Velgode',7),
	(2690,'Velhe',273),
	(497,'Veligandla',9),
	(3896,'Vellore',435),
	(5409,'Velpur',614),
	(5051,'Vemanpalle',606),
	(177,'Vempalle',3),
	(5202,'Vemsoor',610),
	(178,'Vemula',3),
	(5374,'Vemulapalle',613),
	(5160,'Vemulawada',609),
	(295,'Vemuru',5),
	(2742,'Vengurla',278),
	(443,'Venkatachalam',8),
	(444,'Venkatagiri',8),
	(125,'Venkatagirikota',2),
	(5459,'Venkatapur',615),
	(5203,'Venkatapuram',610),
	(616,'Vepada',12),
	(3789,'Veppanthattai',421),
	(4787,'Verno',573),
	(498,'Vetapalem',9),
	(5103,'Vicarabad',608),
	(61,'Vidapanakal',1),
	(445,'Vidavalur',8),
	(2436,'Vidisha',248),
	(1377,'Vidyapati Nagar',80),
	(3567,'Vijainagar',384),
	(1614,'Vijapur',101),
	(126,'Vijayapuram',2),
	(343,'Vijayawada (Rural)',6),
	(344,'Vijayawada (Urban)',6),
	(1670,'Vijaynagar',109),
	(2400,'Vijaypur',242),
	(2303,'Vijayraghavgarh',225),
	(819,'Vijoynagar Circle',37),
	(4658,'Vikasnagar **',555),
	(2767,'Vikramgad',280),
	(3889,'Vilathikulam',434),
	(3751,'Vilavancode',414),
	(4627,'Villianur Commune Panchayat',542),
	(3905,'Viluppuram',436),
	(446,'Vinjamur',8),
	(296,'Vinukonda',5),
	(2060,'Virajpet',179),
	(1501,'Viramgam',89),
	(3587,'Viratnagar',386),
	(1606,'Virpur',100),
	(3720,'Virudhachalam',409),
	(3913,'Virudhunagar',437),
	(581,'Visakhapatnam (Rural)',11),
	(582,'Visakhapatnam (Urban)',11),
	(1586,'Visavadar',98),
	(4273,'Vishnupur',512),
	(1615,'Visnagar',101),
	(345,'Vissannapet',6),
	(617,'Vizianagaram',12),
	(499,'Voletivaripalem',9),
	(179,'Vontimitta',3),
	(346,'Vuyyuru',6),
	(1685,'Vyara',110),
	(2186,'Vythiri',203),
	(5270,'Waddepalle',611),
	(1695,'Wadhwan',111),
	(5000,'Wadrafnagar',605),
	(2499,'Wadwani',254),
	(2734,'Wai',277),
	(2934,'Wakching',313),
	(906,'Wakka Circle',46),
	(874,'Wakro Circle',42),
	(3897,'Wallajah',435),
	(875,'Walong Circle',42),
	(2723,'Walwa',276),
	(5271,'Wanaparthy',611),
	(2817,'Wangoi Sub-Division',288),
	(2795,'Wani',283),
	(5052,'Wankdi',606),
	(5460,'Warangal',615),
	(2195,'Waraseoni',205),
	(2775,'Wardha',281),
	(5461,'Wardhanna Pet',615),
	(5314,'Wargal',612),
	(1292,'Warisaliganj',75),
	(1378,'Warisnagar',80),
	(2533,'Warora',257),
	(2479,'Warud',252),
	(2667,'Washi',271),
	(2781,'Washim',282),
	(5204,'Wazeed',610),
	(1123,'Wazirganj',61),
	(3500,'Weir',375),
	(2884,'West Bunghmun',304),
	(2886,'West Phaileng',305),
	(2972,'Wokha Sadar',317),
	(2973,'Wozhuro',317),
	(5205,'Wyra',610),
	(238,'Y. Ramavaram',4),
	(5104,'Yacharam',608),
	(881,'Yachuli Circle',43),
	(5375,'Yadagirigutta',613),
	(127,'Yadamarri',2),
	(2042,'Yadgir',176),
	(62,'Yadiki',1),
	(861,'Yangte Circle',41),
	(2796,'Yavatmal',283),
	(2577,'Yawal',262),
	(500,'Yeddana Pudi',9),
	(5410,'Yedpalle',614),
	(5105,'Yelal',608),
	(583,'Yelamanchili',11),
	(663,'Yelamanchili',13),
	(1992,'Yelandur',168),
	(2069,'Yelbarga',181),
	(5315,'Yeldurthy',612),
	(239,'Yeleswaram',4),
	(5206,'Yellandu',610),
	(63,'Yellanur',1),
	(2123,'Yellapur',189),
	(5161,'Yellareddipet',609),
	(5411,'Yellareddy',614),
	(400,'Yemmiganur',7),
	(3814,'Yercaud',424),
	(128,'Yerpedu',2),
	(501,'Yerragondapalem',9),
	(180,'Yerraguntla',3),
	(129,'Yerravaripalem',2),
	(5207,'Yerrupalem',610),
	(2659,'Yevla',270),
	(916,'Yingkiong Circle',47),
	(957,'Yomcha Circle',50),
	(2963,'Yongya',316),
	(5462,'Zaffergadh',615),
	(5316,'Zahirabad',612),
	(4083,'Zamania',470),
	(1919,'Zanskar',152),
	(2797,'Zari-Jamani',283),
	(502,'Zarugumilli',9),
	(2887,'Zawlnuam',305),
	(898,'Zemithang Circle',45),
	(2862,'Zikzak',298),
	(3395,'Zira',355),
	(1445,'Ziradei',85),
	(882,'Ziro Circle',43),
	(2984,'Zunheboto Sadar',318);

/*!40000 ALTER TABLE `tahshil` ENABLE KEYS */;
UNLOCK TABLES;


